idPotManip;idGenotype;period;numberPot;duration;mean;min;max
C3M42-31;Ag-0(FV);1;2;0;135.5;135.5;135.5
C3M42-31;Ag-0(FV);2;1;21.8;113.41;67.82;130.01
C3M42-31;Ag-0(FV);3;2;32.5;107.74;52.19;137.42
C3M42-74;Ag-0(FV);1;2;0;149.44;149.44;149.44
C3M42-74;Ag-0(FV);2;1;16.8;122.19;112.45;141.43
C3M42-74;Ag-0(FV);3;2;37.9;131.41;101.19;137.49
C3M42-79;Ag-0(FV);1;2;0;149.38;149.38;149.38
C3M42-79;Ag-0(FV);2;1;15.8;121.99;111.86;141.57
C3M42-79;Ag-0(FV);3;2;48.4;131.63;110.74;137.41
C3M42-89;Ag-0(FV);1;2;0;152.9;152.9;152.9
C3M42-89;Ag-0(FV);2;1;20.7;116.06;71.77;146.18
C3M42-89;Ag-0(FV);3;2;43.5;115.81;47.97;137.38
C3M42-97;Ag-0(FV);1;2;0;144.5;144.5;144.5
C3M42-97;Ag-0(FV);2;1;20.7;115.15;71.95;138.17
C3M42-97;Ag-0(FV);3;2;29.4;107.17;47.82;137.39
C3M42-158;Ag-0(FV);1;2;0;149.4;149.4;149.4
C3M42-158;Ag-0(FV);2;1;15.7;123.69;114.72;144.28
C3M42-158;Ag-0(FV);3;2;47.5;133.62;107.93;137.46
C3M42-163;Ag-0(FV);1;2;0;154.95;154.95;154.95
C3M42-163;Ag-0(FV);2;1;15.8;124.56;113.5;148.28
C3M42-163;Ag-0(FV);3;2;48.4;130.91;98.21;137.42
C3M42-220;Ag-0(FV);1;2;0;140.11;140.11;140.11
C3M42-220;Ag-0(FV);2;1;16.9;121.28;113.32;133.1
C3M42-220;Ag-0(FV);3;2;37.8;131.39;102.17;137.33
C3M42-243;Ag-0(FV);1;2;0;145.06;145.06;145.06
C3M42-243;Ag-0(FV);2;1;16.9;122.14;113.57;139.13
C3M42-243;Ag-0(FV);3;2;37.8;131.52;112.84;137.3
C3M42-249;Ag-0(FV);1;2;0;153.89;153.89;153.89
C3M42-249;Ag-0(FV);2;1;21.8;115.56;67.98;146.25
C3M42-249;Ag-0(FV);3;2;32.6;109.02;53.38;137.49
C3M42-287;Ag-0(FV);1;2;0;137.83;137.83;137.83
C3M42-287;Ag-0(FV);2;1;20.8;114.34;70.66;132.87
C3M42-287;Ag-0(FV);3;2;44.4;117.51;65.59;137.33
C3M42-293;Ag-0(FV);1;2;0;137.72;137.72;137.72
C3M42-293;Ag-0(FV);2;1;20.7;114.94;71.11;134.68
C3M42-293;Ag-0(FV);3;2;44.5;116.25;46.77;137.34
C3M42-299;Ag-0(FV);1;2;0;136.59;136.59;136.59
C3M42-299;Ag-0(FV);2;1;20.7;113.58;69.34;130.01
C3M42-299;Ag-0(FV);3;2;44.5;117.09;66.43;137.31
C3M42-319;Ag-0(FV);1;2;0;131.94;131.94;131.94
C3M42-319;Ag-0(FV);2;1;22.7;114.41;71.96;130
C3M42-319;Ag-0(FV);3;2;32.5;108.38;66.78;137.26
C3M42-422;Ag-0(FV);1;2;0;147.96;147.96;147.96
C3M42-422;Ag-0(FV);2;1;15.7;129.29;116.28;146.8
C3M42-422;Ag-0(FV);3;2;49.5;132.46;107.78;137.25
C3M42-425;Ag-0(FV);1;2;0;143.07;143.07;143.07
C3M42-425;Ag-0(FV);2;1;16.9;136.22;115.94;151.44
C3M42-425;Ag-0(FV);3;2;39.8;132.52;114.53;137.27
C3M42-433;Ag-0(FV);1;2;0;138.09;138.09;138.09
C3M42-433;Ag-0(FV);2;1;22.7;115.35;72.11;133.95
C3M42-433;Ag-0(FV);3;2;33.3;109.43;67.39;137.23
C3M42-480;Ag-0(FV);1;2;0;138.4;138.4;138.4
C3M42-480;Ag-0(FV);2;1;15.8;122.38;114.87;133.1
C3M42-480;Ag-0(FV);3;2;49.4;132.16;109.1;137.26
C3M42-5;An-1(FV);1;2;0;145.46;145.46;145.46
C3M42-5;An-1(FV);2;1;21.7;114.9;68.19;138.85
C3M42-5;An-1(FV);3;2;32.5;111.27;65.75;137.38
C3M42-101;An-1(FV);1;2;0;156.13;156.13;156.13
C3M42-101;An-1(FV);2;1;16.9;123.9;113.06;148.5
C3M42-101;An-1(FV);3;2;37.6;134.08;117.99;137.48
C3M42-164;An-1(FV);1;2;0;153.93;153.93;153.93
C3M42-164;An-1(FV);2;1;15.8;123.66;113.18;147.06
C3M42-164;An-1(FV);3;2;48.4;133.9;117.07;137.39
C3M42-231;An-1(FV);1;2;0;139.63;139.63;139.63
C3M42-231;An-1(FV);2;1;26.7;112.26;68.15;133.95
C3M42-231;An-1(FV);3;2;34.9;114.67;65.93;138.51
C3M42-232;An-1(FV);1;2;0;142.38;142.38;142.38
C3M42-232;An-1(FV);2;1;16.9;122.28;113.98;137.82
C3M42-232;An-1(FV);3;2;37.8;134.55;118.39;137.31
C3M42-241;An-1(FV);1;2;0;145.37;145.37;145.37
C3M42-241;An-1(FV);2;1;16.9;121.98;113.2;139.25
C3M42-241;An-1(FV);3;2;37.8;134.42;117.97;137.43
C3M42-264;An-1(FV);1;2;0;134.03;134.03;134.03
C3M42-264;An-1(FV);2;1;20.8;113.53;69.89;129.99
C3M42-264;An-1(FV);3;2;29.4;106.88;65.71;137.24
C3M42-274;An-1(FV);1;2;0;139.94;139.94;139.94
C3M42-274;An-1(FV);2;1;16.9;121.68;113.59;133.99
C3M42-274;An-1(FV);3;2;38.5;134.35;118.76;137.64
C3M42-276;An-1(FV);1;2;0;138.39;138.39;138.39
C3M42-276;An-1(FV);2;1;15.8;121.3;112.64;133.01
C3M42-276;An-1(FV);3;2;49.4;134.02;117.07;137.42
C3M42-277;An-1(FV);1;2;0;143.71;143.71;143.71
C3M42-277;An-1(FV);2;1;21.7;115.19;70.36;138.09
C3M42-277;An-1(FV);3;2;33.6;110.34;53.45;137.86
C3M42-303;An-1(FV);1;2;0;138.3;138.3;138.3
C3M42-303;An-1(FV);2;1;15.7;122.42;114.85;133.43
C3M42-303;An-1(FV);3;2;49.5;134.69;117.05;137.94
C3M42-309;An-1(FV);1;2;0;135.47;135.47;135.47
C3M42-309;An-1(FV);2;1;20.8;114.73;72.3;131.06
C3M42-309;An-1(FV);3;2;44.4;118.2;47.81;137.48
C3M42-312;An-1(FV);1;2;0;140.41;140.41;140.41
C3M42-312;An-1(FV);2;1;16.9;122.09;113.93;135.92
C3M42-312;An-1(FV);3;2;38.5;134.5;119.04;137.24
C3M42-360;An-1(FV);1;2;0;133.48;133.48;133.48
C3M42-360;An-1(FV);2;1;22.7;112.73;69.19;129.99
C3M42-360;An-1(FV);3;2;32.5;112.17;66.85;137.3
C3M42-440;An-1(FV);1;2;0;139.08;139.08;139.08
C3M42-440;An-1(FV);2;1;26.8;112.33;66.65;161.07
C3M42-440;An-1(FV);3;2;37.8;116.22;65.16;137.34
C3M42-474;An-1(FV);1;2;0;131.43;131.43;131.43
C3M42-474;An-1(FV);2;1;26.8;112.55;69.41;134.5
C3M42-474;An-1(FV);3;2;37.8;116.01;68.41;138.61
C3M42-14;Cdm-0(FV);1;2;0;147.06;147.06;147.06
C3M42-14;Cdm-0(FV);2;1;19.7;121.49;113.98;139.05
C3M42-14;Cdm-0(FV);3;2;44.5;131.3;101.26;137.46
C3M42-43;Cdm-0(FV);1;2;0;138.35;138.35;138.35
C3M42-43;Cdm-0(FV);2;1;26.8;111.28;66.51;130.01
C3M42-43;Cdm-0(FV);3;2;33.8;107.58;64.55;137.34
C3M42-45;Cdm-0(FV);1;2;0;145.59;145.59;145.59
C3M42-45;Cdm-0(FV);2;1;26.8;111.92;66.78;136.27
C3M42-45;Cdm-0(FV);3;2;33.8;110.09;65.21;137.41
C3M42-159;Cdm-0(FV);1;2;0;153.72;153.72;153.72
C3M42-159;Cdm-0(FV);2;1;16.9;125.1;113.94;148.95
C3M42-159;Cdm-0(FV);3;2;47.5;129.5;77.54;137.4
C3M42-170;Cdm-0(FV);1;2;0;144.32;144.32;144.32
C3M42-170;Cdm-0(FV);2;1;16.9;122.48;114.27;139.01
C3M42-170;Cdm-0(FV);3;2;37.5;129.07;89.98;137.38
C3M42-178;Cdm-0(FV);1;2;0;152.54;152.54;152.54
C3M42-178;Cdm-0(FV);2;1;26.8;113.37;67.4;145.26
C3M42-178;Cdm-0(FV);3;2;33.9;108.06;65.09;137.47
C3M42-248;Cdm-0(FV);1;2;0;156.37;156.37;156.37
C3M42-248;Cdm-0(FV);2;1;21.8;116.42;69.37;149.5
C3M42-248;Cdm-0(FV);3;2;43.4;115.46;53.4;137.38
C3M42-307;Cdm-0(FV);1;2;0;134.22;134.22;134.22
C3M42-307;Cdm-0(FV);2;1;15.8;121.85;114.13;130.3
C3M42-307;Cdm-0(FV);3;2;49.4;127.63;76.35;137.28
C3M42-333;Cdm-0(FV);1;2;0;133.76;133.76;133.76
C3M42-333;Cdm-0(FV);2;1;16.9;121.38;109.34;130.01
C3M42-333;Cdm-0(FV);3;2;38.6;129.62;92.24;137.35
C3M42-346;Cdm-0(FV);1;2;0;134.9;134.9;134.9
C3M42-346;Cdm-0(FV);2;1;22.7;113.94;69.59;130.01
C3M42-346;Cdm-0(FV);3;2;32.6;107.46;66.75;137.3
C3M42-370;Cdm-0(FV);1;2;0;137.53;137.53;137.53
C3M42-370;Cdm-0(FV);2;1;26.8;113.57;68.65;134.47
C3M42-370;Cdm-0(FV);3;2;34.9;112.77;63.34;137.27
C3M42-380;Cdm-0(FV);1;2;0;142.01;142.01;142.01
C3M42-380;Cdm-0(FV);2;1;26.8;111.1;67.79;142.28
C3M42-380;Cdm-0(FV);3;2;37.8;110.81;65.07;137.28
C3M42-384;Cdm-0(FV);1;2;0;137.91;137.91;137.91
C3M42-384;Cdm-0(FV);2;1;21.8;113.27;68.12;134.43
C3M42-384;Cdm-0(FV);3;2;43.5;113.15;52.66;137.32
C3M42-412;Cdm-0(FV);1;2;0;146.68;146.68;146.68
C3M42-412;Cdm-0(FV);2;1;16.9;135.1;116.02;150.64
C3M42-412;Cdm-0(FV);3;2;39.5;132.5;113.48;137.26
C3M42-449;Cdm-0(FV);1;2;0;136.62;136.62;136.62
C3M42-449;Cdm-0(FV);2;1;26.8;114.04;69;140.09
C3M42-449;Cdm-0(FV);3;2;37.8;108.04;64.14;137.24
C3M42-468;Cdm-0(FV);1;2;0;133.66;133.66;133.66
C3M42-468;Cdm-0(FV);2;1;16.9;121.61;114.82;130.01
C3M42-468;Cdm-0(FV);3;2;41.5;129.31;74.97;137.33
C3M42-473;Cdm-0(FV);1;2;0;131.75;131.75;131.75
C3M42-473;Cdm-0(FV);2;1;16.9;124.27;116.04;132.72
C3M42-473;Cdm-0(FV);3;2;48.5;130.7;105.97;137.2
C3M42-489;Cdm-0(FV);1;2;0;139.04;139.04;139.04
C3M42-489;Cdm-0(FV);2;1;16.9;124.43;115.92;135.56
C3M42-489;Cdm-0(FV);3;2;41.5;132.56;105.05;137.29
C3M42-56;Com-1(FV);1;2;0;133.63;133.63;133.63
C3M42-56;Com-1(FV);2;1;21.8;113.55;67.7;129.99
C3M42-56;Com-1(FV);3;2;32.8;107.8;51.37;137.32
C3M42-62;Com-1(FV);1;2;0;152.62;152.62;152.62
C3M42-62;Com-1(FV);2;1;19.7;121.72;113.66;143.57
C3M42-62;Com-1(FV);3;2;41.5;132.74;115.94;137.4
C3M42-65;Com-1(FV);1;2;0;146.43;146.43;146.43
C3M42-65;Com-1(FV);2;1;19.7;121.2;113.01;137.39
C3M42-65;Com-1(FV);3;2;44.5;131.35;104.11;137.38
C3M42-66;Com-1(FV);1;2;0;137.94;137.94;137.94
C3M42-66;Com-1(FV);2;1;19.7;120.39;112.62;130.23
C3M42-66;Com-1(FV);3;2;41.5;129.68;86.43;137.53
C3M42-83;Com-1(FV);1;2;0;152.22;152.22;152.22
C3M42-83;Com-1(FV);2;1;26.8;112.13;66.98;144.8
C3M42-83;Com-1(FV);3;2;36.8;112.23;65.45;137.34
C3M42-145;Com-1(FV);1;2;0;138.3;138.3;138.3
C3M42-145;Com-1(FV);2;1;16.9;121.44;109.23;132.62
C3M42-145;Com-1(FV);3;2;37.6;132.7;114.67;137.38
C3M42-167;Com-1(FV);1;2;0;158.92;158.92;158.92
C3M42-167;Com-1(FV);2;1;26.8;114.52;67.86;152.77
C3M42-167;Com-1(FV);3;2;36.8;112.64;66.49;138.38
C3M42-213;Com-1(FV);1;2;0;142.75;142.75;142.75
C3M42-213;Com-1(FV);2;1;20.8;113.87;68.69;135.91
C3M42-213;Com-1(FV);3;2;29.4;105.6;66.03;137.32
C3M42-252;Com-1(FV);1;2;0;143.86;143.86;143.86
C3M42-252;Com-1(FV);2;1;19.8;120.54;111.44;135.56
C3M42-252;Com-1(FV);3;2;45.4;132.33;110.04;137.36
C3M42-295;Com-1(FV);1;2;0;135.73;135.73;135.73
C3M42-295;Com-1(FV);2;1;22.7;113.21;68.75;130.21
C3M42-295;Com-1(FV);3;2;32.5;110.43;66.69;137.32
C3M42-304;Com-1(FV);1;2;0;138.39;138.39;138.39
C3M42-304;Com-1(FV);2;1;16.9;122.18;113.95;134.17
C3M42-304;Com-1(FV);3;2;38.5;132.35;114;137.31
C3M42-376;Com-1(FV);1;2;0;141.63;141.63;141.63
C3M42-376;Com-1(FV);2;1;16.9;127.73;115.21;141.99
C3M42-376;Com-1(FV);3;2;38.5;132.93;113.05;137.31
C3M42-453;Com-1(FV);1;2;0;137.33;137.33;137.33
C3M42-453;Com-1(FV);2;1;26.8;112.71;70.17;136.32
C3M42-453;Com-1(FV);3;2;37.8;113.95;65.01;137.36
C3M42-456;Com-1(FV);1;2;0;137.4;137.4;137.4
C3M42-456;Com-1(FV);2;1;22.7;114.9;72.23;132.53
C3M42-456;Com-1(FV);3;2;33.6;110.59;67.68;137.31
C3M42-476;Com-1(FV);1;2;0;140.14;140.14;140.14
C3M42-476;Com-1(FV);2;1;28.8;119.11;70.38;148.21
C3M42-476;Com-1(FV);3;2;36.4;70.7;62.11;73.68
C3M42-479;Com-1(FV);1;2;0;135.25;135.25;135.25
C3M42-479;Com-1(FV);2;1;15.8;122.58;115.5;130.27
C3M42-479;Com-1(FV);3;2;49.5;132.04;112.2;137.28
C3M42-27;Cvi-0(FV);1;2;0;140.76;140.76;140.76
C3M42-27;Cvi-0(FV);2;1;26.7;114.67;68.13;131.03
C3M42-27;Cvi-0(FV);3;2;35.9;113.89;64.5;137.42
C3M42-54;Cvi-0(FV);1;2;0;141.28;141.28;141.28
C3M42-54;Cvi-0(FV);2;1;26.7;114.31;67.73;133.5
C3M42-54;Cvi-0(FV);3;2;35.9;112.32;65.45;137.52
C3M42-70;Cvi-0(FV);1;2;0;143.26;143.26;143.26
C3M42-70;Cvi-0(FV);2;1;37.8;117.5;66.84;134.85
C3M42-71;Cvi-0(FV);1;2;0;144.31;144.31;144.31
C3M42-71;Cvi-0(FV);2;1;19.8;121.18;111.68;136.91
C3M42-71;Cvi-0(FV);3;2;44.4;128.37;94.75;137.37
C3M42-144;Cvi-0(FV);1;2;0;144.75;144.75;144.75
C3M42-144;Cvi-0(FV);2;1;26.8;112.4;67.21;138.61
C3M42-144;Cvi-0(FV);3;2;36.8;113.17;64.27;137.33
C3M42-166;Cvi-0(FV);1;2;0;149.64;149.64;149.64
C3M42-166;Cvi-0(FV);2;1;20.8;122.56;113.88;143.37
C3M42-166;Cvi-0(FV);3;2;42.5;125.88;72.22;137.34
C3M42-171;Cvi-0(FV);1;2;0;146.61;146.61;146.61
C3M42-171;Cvi-0(FV);2;1;20.7;122.88;114.52;141.86
C3M42-171;Cvi-0(FV);3;2;42.5;129.91;97.38;137.47
C3M42-261;Cvi-0(FV);1;2;0;149.2;149.2;149.2
C3M42-261;Cvi-0(FV);2;1;19.8;122.87;113.99;143.92
C3M42-261;Cvi-0(FV);3;2;45.4;126.91;87.5;137.23
C3M42-262;Cvi-0(FV);1;2;0;138.5;138.5;138.5
C3M42-262;Cvi-0(FV);2;1;20.8;121.07;113.29;131.92
C3M42-262;Cvi-0(FV);3;2;42.5;127.49;79.94;137.35
C3M42-290;Cvi-0(FV);1;2;0;136.01;136.01;136.01
C3M42-290;Cvi-0(FV);2;1;26.8;112.73;68.09;131.14
C3M42-290;Cvi-0(FV);3;2;37.8;111.04;65.69;137.27
C3M42-316;Cvi-0(FV);1;2;0;135.69;135.69;135.69
C3M42-316;Cvi-0(FV);2;1;26.8;114.12;68.85;133.02
C3M42-316;Cvi-0(FV);3;2;34.9;109.74;65.93;137.24
C3M42-325;Cvi-0(FV);1;2;0;134.2;134.2;134.2
C3M42-325;Cvi-0(FV);2;1;19.7;122;114.5;131.73
C3M42-325;Cvi-0(FV);3;2;42.5;130.07;98.81;137.26
C3M42-385;Cvi-0(FV);1;2;0;137.66;137.66;137.66
C3M42-385;Cvi-0(FV);2;1;26.8;115.72;68.94;147.49
C3M42-385;Cvi-0(FV);3;2;37.8;112.48;66.81;137.27
C3M42-411;Cvi-0(FV);1;2;0;146.62;146.62;146.62
C3M42-411;Cvi-0(FV);2;1;26.8;120.67;69.17;147.66
C3M42-411;Cvi-0(FV);3;2;35;112.47;66.49;137.3
C3M42-450;Cvi-0(FV);1;2;0;136.88;136.88;136.88
C3M42-450;Cvi-0(FV);2;1;19.8;131.8;116.45;146
C3M42-450;Cvi-0(FV);3;2;42.7;130.82;100.86;137.28
C3M42-4;Eden-1(FV);1;2;0;142.1;142.1;142.1
C3M42-4;Eden-1(FV);2;1;19.7;120.49;112.44;132.29
C3M42-4;Eden-1(FV);3;2;41.5;134.04;115.62;137.8
C3M42-21;Eden-1(FV);1;2;0;146.4;146.4;146.4
C3M42-21;Eden-1(FV);2;1;26.8;113.64;67.11;136.93
C3M42-21;Eden-1(FV);3;2;35.8;113.01;66.04;138.53
C3M42-40;Eden-1(FV);1;2;0;138.77;138.77;138.77
C3M42-40;Eden-1(FV);2;1;19.7;120.26;112.77;129.99
C3M42-40;Eden-1(FV);3;2;41.5;133.83;116.15;137.35
C3M42-48;Eden-1(FV);1;2;0;142.69;142.69;142.69
C3M42-48;Eden-1(FV);2;1;19.8;120.88;111.6;136.06
C3M42-48;Eden-1(FV);3;2;44.4;134.23;114.4;137.41
C3M42-55;Eden-1(FV);1;2;0;144.59;144.59;144.59
C3M42-55;Eden-1(FV);2;1;19.8;121.16;112.2;135.7
C3M42-55;Eden-1(FV);3;2;41.5;133.74;116.79;137.42
C3M42-69;Eden-1(FV);1;2;0;144.36;144.36;144.36
C3M42-69;Eden-1(FV);2;1;26.8;111.77;67.23;135.53
C3M42-69;Eden-1(FV);3;2;33.9;114.01;65.83;138.08
C3M42-91;Eden-1(FV);1;2;0;146.47;146.47;146.47
C3M42-91;Eden-1(FV);2;1;19.8;122.03;112.68;143.94
C3M42-91;Eden-1(FV);3;2;44.4;133.66;110.21;138.79
C3M42-117;Eden-1(FV);1;2;0;146.98;146.98;146.98
C3M42-117;Eden-1(FV);2;1;19.8;122.05;113.6;140.76
C3M42-117;Eden-1(FV);3;2;41.6;134.35;117.95;138.09
C3M42-128;Eden-1(FV);1;2;0;154.71;154.71;154.71
C3M42-128;Eden-1(FV);2;1;19.8;123.56;113.59;148.76
C3M42-128;Eden-1(FV);3;2;44.4;134.3;117.82;137.51
C3M42-138;Eden-1(FV);1;2;0;147.5;147.5;147.5
C3M42-138;Eden-1(FV);2;1;19.7;122.29;113.53;141.61
C3M42-138;Eden-1(FV);3;2;41.6;133.79;113.21;137.35
C3M42-150;Eden-1(FV);1;2;0;148.37;148.37;148.37
C3M42-150;Eden-1(FV);2;1;26.7;113.56;68.94;142.35
C3M42-150;Eden-1(FV);3;2;36.9;114.69;66.91;137.56
C3M42-157;Eden-1(FV);1;2;0;142.18;142.18;142.18
C3M42-157;Eden-1(FV);2;1;26.7;113.12;68.82;137.17
C3M42-157;Eden-1(FV);3;2;34;114.69;67.13;138.31
C3M42-196;Eden-1(FV);1;2;0;146.8;146.8;146.8
C3M42-196;Eden-1(FV);2;1;26.7;113.53;69.03;140.9
C3M42-196;Eden-1(FV);3;2;34.2;114.59;66.92;138.37
C3M42-263;Eden-1(FV);1;2;0;137.64;137.64;137.64
C3M42-263;Eden-1(FV);2;1;26.8;112.03;67.51;130.99
C3M42-263;Eden-1(FV);3;2;37.8;115.27;66.24;138.56
C3M42-286;Eden-1(FV);1;2;0;141.22;141.22;141.22
C3M42-286;Eden-1(FV);2;1;26.8;111.93;67.68;136.14
C3M42-286;Eden-1(FV);3;2;35.8;116.82;65.62;137.36
C3M42-464;Eden-1(FV);1;2;0;135.07;135.07;135.07
C3M42-464;Eden-1(FV);2;1;26.8;114.76;70.55;144.91
C3M42-464;Eden-1(FV);3;2;28.9;109.26;65.15;137.26
C3M42-471;Eden-1(FV);1;2;0;129.39;129.39;129.39
C3M42-471;Eden-1(FV);2;1;26.8;114.29;68.86;129.99
C3M42-471;Eden-1(FV);3;2;37.8;117.31;66.02;137.31
C3M42-3;Ei-2(FV);1;2;0;143.37;143.37;143.37
C3M42-3;Ei-2(FV);2;1;20.7;113.71;68.43;134.4
C3M42-3;Ei-2(FV);3;2;43.5;115.99;65.56;137.44
C3M42-9;Ei-2(FV);1;2;0;146.47;146.47;146.47
C3M42-9;Ei-2(FV);2;1;15.8;121.43;111.07;136.06
C3M42-9;Ei-2(FV);3;2;34.4;130.33;98.35;137.44
C3M42-10;Ei-2(FV);1;2;0;143.42;143.42;143.42
C3M42-10;Ei-2(FV);2;1;15.8;120.98;111.4;133.34
C3M42-10;Ei-2(FV);3;2;48.4;124.36;83.71;137.26
C3M42-119;Ei-2(FV);1;2;0;158.69;158.69;158.69
C3M42-119;Ei-2(FV);2;1;20.8;115.98;72.34;153.41
C3M42-119;Ei-2(FV);3;2;43.4;114.63;48.03;145.52
C3M42-127;Ei-2(FV);1;2;0;152.8;152.8;152.8
C3M42-127;Ei-2(FV);2;1;15.8;124.21;113.37;147.32
C3M42-127;Ei-2(FV);3;2;34.4;130.36;103.2;137.37
C3M42-148;Ei-2(FV);1;2;0;146.71;146.71;146.71
C3M42-148;Ei-2(FV);2;1;22.7;114.63;69.45;140.95
C3M42-148;Ei-2(FV);3;2;31.5;106.69;66.71;137.32
C3M42-176;Ei-2(FV);1;2;0;158.56;158.56;158.56
C3M42-176;Ei-2(FV);2;1;15.8;125.89;113.52;152.52
C3M42-176;Ei-2(FV);3;2;48.4;128.33;83.53;137.34
C3M42-200;Ei-2(FV);1;2;0;151.67;151.67;151.67
C3M42-200;Ei-2(FV);2;1;21.8;116.14;70.81;145.82
C3M42-200;Ei-2(FV);3;2;32.5;106.39;53.77;137.42
C3M42-236;Ei-2(FV);1;2;0;151.18;151.18;151.18
C3M42-236;Ei-2(FV);2;1;26.8;112.88;66.97;145.91
C3M42-236;Ei-2(FV);3;2;34.8;112.5;64.43;137.35
C3M42-245;Ei-2(FV);1;2;0;150.84;150.84;150.84
C3M42-245;Ei-2(FV);2;1;15.7;123.11;113.65;145.74
C3M42-245;Ei-2(FV);3;2;34.4;131.53;109.59;137.36
C3M42-374;Ei-2(FV);1;2;0;142.63;142.63;142.63
C3M42-374;Ei-2(FV);2;1;15.7;128.51;116.57;143.23
C3M42-374;Ei-2(FV);3;2;49.5;128.8;79.89;137.24
C3M42-392;Ei-2(FV);1;2;0;135.62;135.62;135.62
C3M42-392;Ei-2(FV);2;1;14.8;124.03;116.07;135.48
C3M42-392;Ei-2(FV);3;2;35.4;130.4;105.37;137.16
C3M42-443;Ei-2(FV);1;2;0;141.16;141.16;141.16
C3M42-443;Ei-2(FV);2;1;14.8;123.71;115.39;137.69
C3M42-443;Ei-2(FV);3;2;35.4;127.09;68.2;137.26
C3M42-458;Ei-2(FV);1;2;0;138.7;138.7;138.7
C3M42-458;Ei-2(FV);2;1;21.7;115.25;70.92;135.45
C3M42-458;Ei-2(FV);3;2;28.4;103.03;54.34;137.37
C3M42-478;Ei-2(FV);1;2;0;139.03;139.03;139.03
C3M42-478;Ei-2(FV);2;1;27.8;115.61;69.95;136.37
C3M42-478;Ei-2(FV);3;2;34.6;112.71;67.31;137.23
C3M42-484;Ei-2(FV);1;2;0;136.44;136.44;136.44
C3M42-484;Ei-2(FV);2;1;26.8;111.26;68.48;136.31
C3M42-484;Ei-2(FV);3;2;37.8;111.82;64.33;137.22
C3M42-15;IP-Coa-0(FV);1;2;0;142.76;142.76;142.76
C3M42-15;IP-Coa-0(FV);2;1;19.7;120.88;113.74;134.18
C3M42-15;IP-Coa-0(FV);3;2;44.5;131.59;109.25;137.26
C3M42-63;IP-Coa-0(FV);1;2;0;144.89;144.89;144.89
C3M42-63;IP-Coa-0(FV);2;1;26.7;111.58;67.4;135.81
C3M42-63;IP-Coa-0(FV);3;2;33.9;109.79;65.01;137.34
C3M42-99;IP-Coa-0(FV);1;2;0;161.05;161.05;161.05
C3M42-99;IP-Coa-0(FV);2;1;19.7;125.23;113.91;153.38
C3M42-99;IP-Coa-0(FV);3;2;41.6;130.13;104.28;137.43
C3M42-102;IP-Coa-0(FV);1;2;0;146.72;146.72;146.72
C3M42-102;IP-Coa-0(FV);2;1;27.8;120.81;108.85;138.84
C3M42-108;IP-Coa-0(FV);1;2;0;150.27;150.27;150.27
C3M42-108;IP-Coa-0(FV);2;1;16.9;122.24;111.94;143.17
C3M42-108;IP-Coa-0(FV);3;2;37.5;131.95;101.33;137.44
C3M42-118;IP-Coa-0(FV);1;2;0;150.39;150.39;150.39
C3M42-118;IP-Coa-0(FV);2;1;22.8;114.64;69.18;143.58
C3M42-118;IP-Coa-0(FV);3;2;31.6;109.64;66.77;137.62
C3M42-122;IP-Coa-0(FV);1;2;0;147.42;147.42;147.42
C3M42-122;IP-Coa-0(FV);2;1;26.7;112.84;67.88;140.96
C3M42-122;IP-Coa-0(FV);3;2;36.9;111.63;65.49;137.41
C3M42-133;IP-Coa-0(FV);1;2;0;147.28;147.28;147.28
C3M42-133;IP-Coa-0(FV);2;1;26.7;112.68;67.77;140.78
C3M42-133;IP-Coa-0(FV);3;2;34;111.01;65.81;137.29
C3M42-140;IP-Coa-0(FV);1;2;0;156.11;156.11;156.11
C3M42-140;IP-Coa-0(FV);2;1;16.9;124.14;113.39;149.62
C3M42-140;IP-Coa-0(FV);3;2;37.6;126.38;69.93;137.32
C3M42-185;IP-Coa-0(FV);1;2;0;146.12;146.12;146.12
C3M42-185;IP-Coa-0(FV);2;1;19.7;122.23;113.72;140.28
C3M42-185;IP-Coa-0(FV);3;2;44.5;129.89;89.28;148.72
C3M42-233;IP-Coa-0(FV);1;2;0;145.08;145.08;145.08
C3M42-233;IP-Coa-0(FV);2;1;19.7;122.15;113.86;140.99
C3M42-233;IP-Coa-0(FV);3;2;42.5;130.86;103.07;137.4
C3M42-253;IP-Coa-0(FV);1;2;0;146.61;146.61;146.61
C3M42-253;IP-Coa-0(FV);2;1;26.7;113.05;67.37;141.36
C3M42-253;IP-Coa-0(FV);3;2;34.9;112.1;66.18;137.37
C3M42-257;IP-Coa-0(FV);1;2;0;147.77;147.77;147.77
C3M42-257;IP-Coa-0(FV);2;1;26.7;113.26;68.27;142.38
C3M42-257;IP-Coa-0(FV);3;2;37.8;111.45;65.7;137.38
C3M42-284;IP-Coa-0(FV);1;2;0;141.85;141.85;141.85
C3M42-284;IP-Coa-0(FV);2;1;26.8;112.05;67.45;136.97
C3M42-284;IP-Coa-0(FV);3;2;34.9;111.82;63.46;137.29
C3M42-324;IP-Coa-0(FV);1;2;0;134.86;134.86;134.86
C3M42-324;IP-Coa-0(FV);2;1;19.8;120.53;112.94;130
C3M42-324;IP-Coa-0(FV);3;2;42.5;128.61;95.36;137.26
C3M42-377;IP-Coa-0(FV);1;2;0;143.75;143.75;143.75
C3M42-377;IP-Coa-0(FV);2;1;26.8;120.33;69.37;146.26
C3M42-377;IP-Coa-0(FV);3;2;37.8;108.35;63.75;137.35
C3M42-41;IP-Cum-1(FV);1;2;0;139.98;139.98;139.98
C3M42-41;IP-Cum-1(FV);2;1;26.7;108.02;69.06;133.2
C3M42-41;IP-Cum-1(FV);3;2;27.3;105.53;64.6;137.4
C3M42-87;IP-Cum-1(FV);1;2;0;151.28;151.28;151.28
C3M42-87;IP-Cum-1(FV);2;1;21.7;116.7;72.61;144.07
C3M42-87;IP-Cum-1(FV);3;2;32.9;109.94;54.64;137.96
C3M42-186;IP-Cum-1(FV);1;2;0;143.42;143.42;143.42
C3M42-186;IP-Cum-1(FV);2;1;16.9;122.47;114;139.09
C3M42-186;IP-Cum-1(FV);3;2;37.8;132.91;118.22;137.33
C3M42-191;IP-Cum-1(FV);1;2;0;153.18;153.18;153.18
C3M42-191;IP-Cum-1(FV);2;1;22.8;114.52;69.31;145.75
C3M42-191;IP-Cum-1(FV);3;2;31.5;109.76;66.88;137.82
C3M42-212;IP-Cum-1(FV);1;2;0;146.81;146.81;146.81
C3M42-212;IP-Cum-1(FV);2;1;21.8;115.23;69.7;141.1
C3M42-212;IP-Cum-1(FV);3;2;32.6;109.63;53.27;137.33
C3M42-223;IP-Cum-1(FV);1;2;0;144.25;144.25;144.25
C3M42-223;IP-Cum-1(FV);2;1;20.8;114.53;68.5;139.21
C3M42-223;IP-Cum-1(FV);3;2;44.5;115.55;65.44;137.43
C3M42-266;IP-Cum-1(FV);1;2;0;139.14;139.14;139.14
C3M42-266;IP-Cum-1(FV);2;1;16.9;121.93;114.24;133.42
C3M42-266;IP-Cum-1(FV);3;2;38.6;133.15;114.02;137.31
C3M42-278;IP-Cum-1(FV);1;2;0;143.07;143.07;143.07
C3M42-278;IP-Cum-1(FV);2;1;22.7;114.06;69.19;137.71
C3M42-278;IP-Cum-1(FV);3;2;32.5;111.53;66.37;137.22
C3M42-296;IP-Cum-1(FV);1;2;0;133.34;133.34;133.34
C3M42-296;IP-Cum-1(FV);2;1;15.8;121;113.66;130.01
C3M42-296;IP-Cum-1(FV);3;2;49.4;133.02;117.03;137.93
C3M42-372;IP-Cum-1(FV);1;2;0;138.38;138.38;138.38
C3M42-372;IP-Cum-1(FV);2;1;19.8;121.27;113.28;134.2
C3M42-372;IP-Cum-1(FV);3;2;45.5;133.05;116.79;137.24
C3M42-378;IP-Cum-1(FV);1;2;0;139.37;139.37;139.37
C3M42-378;IP-Cum-1(FV);2;1;26.8;118.2;69.24;143.06
C3M42-378;IP-Cum-1(FV);3;2;37.8;114.39;67.55;137.5
C3M42-398;IP-Cum-1(FV);1;2;0;147.31;147.31;147.31
C3M42-398;IP-Cum-1(FV);2;1;16.9;129.33;115.18;146.53
C3M42-398;IP-Cum-1(FV);3;2;39.3;134.47;119.49;137.3
C3M42-413;IP-Cum-1(FV);1;2;0;142.32;142.32;142.32
C3M42-413;IP-Cum-1(FV);2;1;16.9;134.3;115.73;148.87
C3M42-413;IP-Cum-1(FV);3;2;39.3;134.64;119.78;137.32
C3M42-466;IP-Cum-1(FV);1;2;0;134.57;134.57;134.57
C3M42-466;IP-Cum-1(FV);2;1;16.9;123.43;115.88;138.91
C3M42-466;IP-Cum-1(FV);3;2;48.5;133.75;119.02;137.32
C3M42-472;IP-Cum-1(FV);1;2;0;130.13;130.13;130.13
C3M42-472;IP-Cum-1(FV);2;1;26.8;115.19;68.72;130.8
C3M42-472;IP-Cum-1(FV);3;2;37.8;114.65;67.21;137.28
C3M42-500;IP-Cum-1(FV);1;2;0;134.45;134.45;134.45
C3M42-500;IP-Cum-1(FV);2;1;16.9;127.65;110.61;155.56
C3M42-500;IP-Cum-1(FV);3;2;41.5;134.01;116.82;137.32
C3M42-35;IP-Gua-1(FV);1;2;0;138.52;138.52;138.52
C3M42-35;IP-Gua-1(FV);2;1;21.8;113.95;68.01;130.01
C3M42-35;IP-Gua-1(FV);3;2;32.5;108.16;50.35;137.33
C3M42-52;IP-Gua-1(FV);1;2;0;144.55;144.55;144.55
C3M42-52;IP-Gua-1(FV);2;1;16.8;121.47;112.97;135.38
C3M42-52;IP-Gua-1(FV);3;2;37.9;130.76;98.79;137.44
C3M42-94;IP-Gua-1(FV);1;2;0;166.6;166.6;166.6
C3M42-94;IP-Gua-1(FV);2;1;21.8;118.54;72.53;158.78
C3M42-94;IP-Gua-1(FV);3;2;32.6;109.07;54.86;137.36
C3M42-112;IP-Gua-1(FV);1;2;0;150.68;150.68;150.68
C3M42-112;IP-Gua-1(FV);2;1;16.8;123.36;114.36;143.5
C3M42-112;IP-Gua-1(FV);3;2;37.6;132.31;114.2;137.43
C3M42-121;IP-Gua-1(FV);1;2;0;142.2;142.2;142.2
C3M42-121;IP-Gua-1(FV);2;1;19.7;121.47;113.96;135.26
C3M42-121;IP-Gua-1(FV);3;2;44.5;131.53;92.97;137.43
C3M42-129;IP-Gua-1(FV);1;2;0;154.59;154.59;154.59
C3M42-129;IP-Gua-1(FV);2;1;15.8;124.07;113.22;147.52
C3M42-129;IP-Gua-1(FV);3;2;48.4;128.01;92.91;137.48
C3M42-149;IP-Gua-1(FV);1;2;0;142.28;142.28;142.28
C3M42-149;IP-Gua-1(FV);2;1;22.7;113.67;69.91;135.19
C3M42-149;IP-Gua-1(FV);3;2;31.6;109.62;66.7;137.36
C3M42-156;IP-Gua-1(FV);1;2;0;153.77;153.77;153.77
C3M42-156;IP-Gua-1(FV);2;1;21.8;114.35;69.01;146.33
C3M42-156;IP-Gua-1(FV);3;2;42.4;115.83;56.18;137.31
C3M42-188;IP-Gua-1(FV);1;2;0;155.19;155.19;155.19
C3M42-188;IP-Gua-1(FV);2;1;22.7;115.37;68.94;148.8
C3M42-188;IP-Gua-1(FV);3;2;31.6;109.42;66.95;137.39
C3M42-201;IP-Gua-1(FV);1;2;0;145.34;145.34;145.34
C3M42-201;IP-Gua-1(FV);2;1;16.9;122.26;113.33;139.11
C3M42-201;IP-Gua-1(FV);3;2;37.6;131.37;108.64;137.35
C3M42-202;IP-Gua-1(FV);1;2;0;144.49;144.49;144.49
C3M42-202;IP-Gua-1(FV);2;1;20.8;115.09;72.66;137.72
C3M42-202;IP-Gua-1(FV);3;2;43.4;115.21;47.22;137.32
C3M42-209;IP-Gua-1(FV);1;2;0;143.4;143.4;143.4
C3M42-209;IP-Gua-1(FV);2;1;21.7;115.01;70.1;138.03
C3M42-209;IP-Gua-1(FV);3;2;32.8;105.33;32.03;137.44
C3M42-211;IP-Gua-1(FV);1;2;0;144.08;144.08;144.08
C3M42-211;IP-Gua-1(FV);2;1;21.8;114.61;67.92;139.48
C3M42-211;IP-Gua-1(FV);3;2;43.4;115.35;52.91;137.45
C3M42-239;IP-Gua-1(FV);1;2;0;151.69;151.69;151.69
C3M42-239;IP-Gua-1(FV);2;1;19.8;121.79;112.33;144.04
C3M42-239;IP-Gua-1(FV);3;2;45.4;129.67;90.18;137.35
C3M42-318;IP-Gua-1(FV);1;2;0;132.09;132.09;132.09
C3M42-318;IP-Gua-1(FV);2;1;15.7;121.94;114.63;130.01
C3M42-318;IP-Gua-1(FV);3;2;49.5;131.53;100.54;137.29
C3M42-430;IP-Gua-1(FV);1;2;0;140.41;140.41;140.41
C3M42-430;IP-Gua-1(FV);2;1;16.9;124.04;115.63;138.36
C3M42-430;IP-Gua-1(FV);3;2;39.3;132.26;104.94;137.29
C3M42-465;IP-Gua-1(FV);1;2;0;139.86;139.86;139.86
C3M42-465;IP-Gua-1(FV);2;1;26.8;110.36;69.11;138.33
C3M42-465;IP-Gua-1(FV);3;2;37.8;113.16;67.4;137.35
C3M42-483;IP-Gua-1(FV);1;2;0;134.75;134.75;134.75
C3M42-483;IP-Gua-1(FV);2;1;16.9;122.66;114.83;131.23
C3M42-483;IP-Gua-1(FV);3;2;41.5;132.4;107.96;137.31
C3M42-18;IP-Hum-2(FV);1;2;0;137.22;137.22;137.22
C3M42-18;IP-Hum-2(FV);2;1;26.7;114.91;68.91;132.95
C3M42-18;IP-Hum-2(FV);3;2;35.9;117.09;65.97;137.42
C3M42-25;IP-Hum-2(FV);1;2;0;147.48;147.48;147.48
C3M42-25;IP-Hum-2(FV);2;1;27.7;116.38;69.15;139.33
C3M42-25;IP-Hum-2(FV);3;2;35.4;117.3;66.31;137.26
C3M42-38;IP-Hum-2(FV);1;2;0;146.62;146.62;146.62
C3M42-38;IP-Hum-2(FV);2;1;26.7;112.41;67.63;142.82
C3M42-38;IP-Hum-2(FV);3;2;36.9;116.82;65.72;137.35
C3M42-53;IP-Hum-2(FV);1;2;0;143.37;143.37;143.37
C3M42-53;IP-Hum-2(FV);2;1;20.7;121.03;113.14;134.76
C3M42-53;IP-Hum-2(FV);3;2;42.5;134.8;116.59;137.44
C3M42-76;IP-Hum-2(FV);1;2;0;144.9;144.9;144.9
C3M42-76;IP-Hum-2(FV);2;1;26.7;113.39;67.68;136.07
C3M42-76;IP-Hum-2(FV);3;2;36.9;115.15;65.75;138.47
C3M42-115;IP-Hum-2(FV);1;2;0;151.82;151.82;151.82
C3M42-115;IP-Hum-2(FV);2;1;26.8;116.83;71.21;145.2
C3M42-115;IP-Hum-2(FV);3;2;35.8;116.11;68.41;138.52
C3M42-190;IP-Hum-2(FV);1;2;0;150.96;150.96;150.96
C3M42-190;IP-Hum-2(FV);2;1;19.8;122.49;113.36;144.1
C3M42-190;IP-Hum-2(FV);3;2;44.4;134.56;117.51;137.76
C3M42-205;IP-Hum-2(FV);1;2;0;146.39;146.39;146.39
C3M42-205;IP-Hum-2(FV);2;1;19.7;121.63;113;139.92
C3M42-205;IP-Hum-2(FV);3;2;41.8;135.16;116.23;138.67
C3M42-292;IP-Hum-2(FV);1;2;0;135.91;135.91;135.91
C3M42-292;IP-Hum-2(FV);2;1;19.7;121.58;114.62;131.48
C3M42-292;IP-Hum-2(FV);3;2;45.5;135.43;117.06;138.65
C3M42-308;IP-Hum-2(FV);1;2;0;136.25;136.25;136.25
C3M42-308;IP-Hum-2(FV);2;1;26.8;112.39;67.87;131.87
C3M42-308;IP-Hum-2(FV);3;2;37.8;117.1;65.77;137.33
C3M42-314;IP-Hum-2(FV);1;2;0;138.17;138.17;138.17
C3M42-314;IP-Hum-2(FV);2;1;19.7;122.11;114.82;134.2
C3M42-314;IP-Hum-2(FV);3;2;42.5;135.42;117.03;138.78
C3M42-353;IP-Hum-2(FV);1;2;0;135.94;135.94;135.94
C3M42-353;IP-Hum-2(FV);2;1;19.7;122.52;114.56;134.45
C3M42-353;IP-Hum-2(FV);3;2;42.5;135.5;117.38;138.98
C3M42-371;IP-Hum-2(FV);1;2;0;139.95;139.95;139.95
C3M42-371;IP-Hum-2(FV);2;1;26.8;114.67;68.97;137.76
C3M42-371;IP-Hum-2(FV);3;2;37.8;116.07;67.29;138.68
C3M42-442;IP-Hum-2(FV);1;2;0;138.64;138.64;138.64
C3M42-442;IP-Hum-2(FV);2;1;26.8;114.73;70.19;135.86
C3M42-442;IP-Hum-2(FV);3;2;35.1;116.91;66.26;137.27
C3M42-445;IP-Hum-2(FV);1;2;0;143.82;143.82;143.82
C3M42-445;IP-Hum-2(FV);2;1;19.8;122.88;114.41;138.67
C3M42-445;IP-Hum-2(FV);3;2;45.5;135.02;118.21;137.29
C3M42-446;IP-Hum-2(FV);1;2;0;146.05;146.05;146.05
C3M42-446;IP-Hum-2(FV);2;1;19.8;124.57;114.75;142.43
C3M42-446;IP-Hum-2(FV);3;2;42.7;135.5;118.37;138.62
C3M42-454;IP-Hum-2(FV);1;2;0;140.12;140.12;140.12
C3M42-454;IP-Hum-2(FV);2;1;40.7;119.76;57.07;136.94
C3M42-490;IP-Hum-2(FV);1;2;0;137.44;137.44;137.44
C3M42-490;IP-Hum-2(FV);2;1;28.8;115.67;69.93;132.95
C3M42-490;IP-Hum-2(FV);3;2;36.4;71.04;66.03;72.35
C3M42-1;IP-Vis-0(FV);1;2;0;146.67;146.67;146.67
C3M42-1;IP-Vis-0(FV);2;1;26.7;110.86;66.14;136.81
C3M42-1;IP-Vis-0(FV);3;2;35.9;116.25;63.53;137.52
C3M42-26;IP-Vis-0(FV);1;2;0;145.47;145.47;145.47
C3M42-26;IP-Vis-0(FV);2;1;26.7;111.71;67.2;137.15
C3M42-26;IP-Vis-0(FV);3;2;35.9;115.8;64.69;137.98
C3M42-51;IP-Vis-0(FV);1;2;0;147.3;147.3;147.3
C3M42-51;IP-Vis-0(FV);2;1;26.7;111.87;67.32;138.82
C3M42-51;IP-Vis-0(FV);3;2;36.9;116.43;64.86;137.34
C3M42-73;IP-Vis-0(FV);1;2;0;149.77;149.77;149.77
C3M42-73;IP-Vis-0(FV);2;1;19.7;121.69;113.15;142.13
C3M42-73;IP-Vis-0(FV);3;2;44.5;134.1;116.25;137.4
C3M42-206;IP-Vis-0(FV);1;2;0;142.58;142.58;142.58
C3M42-206;IP-Vis-0(FV);2;1;19.7;121.91;113.93;137.64
C3M42-206;IP-Vis-0(FV);3;2;42.6;134.44;116.71;137.32
C3M42-260;IP-Vis-0(FV);1;2;0;150.1;150.1;150.1
C3M42-260;IP-Vis-0(FV);2;1;26.8;113.41;67.75;143.9
C3M42-260;IP-Vis-0(FV);3;2;37.8;116.79;65.73;137.26
C3M42-269;IP-Vis-0(FV);1;2;0;135.18;135.18;135.18
C3M42-269;IP-Vis-0(FV);2;1;26.7;111.85;67.88;130.16
C3M42-269;IP-Vis-0(FV);3;2;37.8;117.07;65.06;137.59
C3M42-302;IP-Vis-0(FV);1;2;0;142.02;142.02;142.02
C3M42-302;IP-Vis-0(FV);2;1;19.7;122.46;114.62;137.72
C3M42-302;IP-Vis-0(FV);3;2;43.5;134.51;117.14;137.61
C3M42-327;IP-Vis-0(FV);1;2;0;133.24;133.24;133.24
C3M42-327;IP-Vis-0(FV);2;1;26.8;113.88;68.55;131.18
C3M42-327;IP-Vis-0(FV);3;2;35.9;115.99;66.77;138.35
C3M42-344;IP-Vis-0(FV);1;2;0;142.13;142.13;142.13
C3M42-344;IP-Vis-0(FV);2;1;19.8;124.48;115.42;140.54
C3M42-344;IP-Vis-0(FV);3;2;45.4;134.74;118.63;137.8
C3M42-352;IP-Vis-0(FV);1;2;0;135.81;135.81;135.81
C3M42-352;IP-Vis-0(FV);2;1;26.8;114.59;69.01;134.59
C3M42-352;IP-Vis-0(FV);3;2;35.9;117.05;66.08;137.29
C3M42-410;IP-Vis-0(FV);1;2;0;143.62;143.62;143.62
C3M42-410;IP-Vis-0(FV);2;1;19.7;127.28;115.08;182.24
C3M42-410;IP-Vis-0(FV);3;2;43.5;134.48;117.91;137.27
C3M42-487;IP-Vis-0(FV);1;2;0;140.06;140.06;140.06
C3M42-487;IP-Vis-0(FV);2;1;19.8;135.85;117.36;166.06
C3M42-487;IP-Vis-0(FV);3;2;43.5;135.93;119.54;139.16
C3M42-493;IP-Vis-0(FV);1;2;0;139.95;139.95;139.95
C3M42-493;IP-Vis-0(FV);2;1;19.8;121.5;113.51;132.73
C3M42-493;IP-Vis-0(FV);3;2;43.5;134.68;118.15;137.36
C3M42-501;IP-Vis-0(FV);1;2;0;132.69;132.69;132.69
C3M42-501;IP-Vis-0(FV);2;1;26.8;115.48;70.32;136.4
C3M42-501;IP-Vis-0(FV);3;2;35.8;116.94;65.97;137.26
C3M42-504;IP-Vis-0(FV);1;2;0;135.69;135.69;135.69
C3M42-504;IP-Vis-0(FV);2;1;19.8;121.42;114.28;131.36
C3M42-504;IP-Vis-0(FV);3;2;45.5;134.73;117.85;137.73
C3M42-30;In-0(FV);1;2;0;140.34;140.34;140.34
C3M42-30;In-0(FV);2;1;20.7;113.17;67.38;130.75
C3M42-30;In-0(FV);3;2;43.5;115.68;65.24;137.36
C3M42-86;In-0(FV);1;2;0;151.54;151.54;151.54
C3M42-86;In-0(FV);2;1;22.7;114.31;68.96;144.51
C3M42-86;In-0(FV);3;2;31.6;110.18;66.65;137.47
C3M42-123;In-0(FV);1;2;0;153.94;153.94;153.94
C3M42-123;In-0(FV);2;1;15.7;124.05;114.23;146.79
C3M42-123;In-0(FV);3;2;48.5;132.46;116.2;137.41
C3M42-130;In-0(FV);1;2;0;150.2;150.2;150.2
C3M42-130;In-0(FV);2;1;21.8;114.11;68.88;143.71
C3M42-130;In-0(FV);3;2;28.4;103.7;56.15;137.43
C3M42-135;In-0(FV);1;2;0;153.56;153.56;153.56
C3M42-135;In-0(FV);2;1;20.7;115.97;70.95;146.43
C3M42-135;In-0(FV);3;2;43.5;116.04;47.32;137.43
C3M42-161;In-0(FV);1;2;0;153.12;153.12;153.12
C3M42-161;In-0(FV);2;1;15.7;125.3;115.03;147.78
C3M42-161;In-0(FV);3;2;34.4;132.1;101.89;137.43
C3M42-184;In-0(FV);1;2;0;145.54;145.54;145.54
C3M42-184;In-0(FV);2;1;22.7;114.32;69.9;140.01
C3M42-184;In-0(FV);3;2;31.8;110.34;66.62;137.48
C3M42-204;In-0(FV);1;2;0;143.26;143.26;143.26
C3M42-204;In-0(FV);2;1;16.9;121.38;112.54;135.38
C3M42-204;In-0(FV);3;2;37.5;129.2;75.3;137.35
C3M42-222;In-0(FV);1;2;0;146.2;146.2;146.2
C3M42-222;In-0(FV);2;1;16.9;122.27;113.11;140.41
C3M42-222;In-0(FV);3;2;37.8;130.69;97.5;137.5
C3M42-305;In-0(FV);1;2;0;139.15;139.15;139.15
C3M42-305;In-0(FV);2;1;21.7;114.1;69.26;135.71
C3M42-305;In-0(FV);3;2;28.4;103.45;53.98;137.29
C3M42-343;In-0(FV);1;2;0;140.73;140.73;140.73
C3M42-343;In-0(FV);2;1;15.8;123.91;114.96;138.44
C3M42-343;In-0(FV);3;2;49.4;127.87;76.91;137.26
C3M42-373;In-0(FV);1;2;0;142.65;142.65;142.65
C3M42-373;In-0(FV);2;1;26.8;111.71;68.71;162.34
C3M42-373;In-0(FV);3;2;37.8;114.41;64.89;137.26
C3M42-391;In-0(FV);1;2;0;139.26;139.26;139.26
C3M42-391;In-0(FV);2;1;15.8;127.06;116.04;140.77
C3M42-391;In-0(FV);3;2;34.4;131.86;99.29;137.14
C3M42-393;In-0(FV);1;2;0;132.47;132.47;132.47
C3M42-393;In-0(FV);2;1;15.8;123.27;116.11;131.75
C3M42-393;In-0(FV);3;2;49.4;133.02;104.42;137.32
C3M42-399;In-0(FV);1;2;0;143.8;143.8;143.8
C3M42-399;In-0(FV);2;1;22.7;118.24;69.41;144.19
C3M42-399;In-0(FV);3;2;27.1;103.24;67.66;137.3
C3M42-488;In-0(FV);1;2;0;141.06;141.06;141.06
C3M42-488;In-0(FV);2;1;16.9;129.73;114.1;147.43
C3M42-488;In-0(FV);3;2;41.5;132.82;114.58;137.31
C3M42-57;Kulturen-1(FV);1;2;0;139.65;139.65;139.65
C3M42-57;Kulturen-1(FV);2;1;20.8;114.43;72.25;131.35
C3M42-57;Kulturen-1(FV);3;2;29.4;107.08;48.03;137.39
C3M42-96;Kulturen-1(FV);1;2;0;146.04;146.04;146.04
C3M42-96;Kulturen-1(FV);2;1;19.8;114.39;71.17;138.09
C3M42-96;Kulturen-1(FV);3;2;30.4;108.79;66.34;137.4
C3M42-105;Kulturen-1(FV);1;2;0;164.18;164.18;164.18
C3M42-105;Kulturen-1(FV);2;1;14.9;127.88;113.44;156.37
C3M42-139;Kulturen-1(FV);1;2;0;147.2;147.2;147.2
C3M42-139;Kulturen-1(FV);2;1;14.9;123;113.07;141.61
C3M42-139;Kulturen-1(FV);3;2;35.4;133.43;116.85;137.28
C3M42-224;Kulturen-1(FV);1;2;0;145.89;145.89;145.89
C3M42-224;Kulturen-1(FV);2;1;20.8;114.52;70.08;140.81
C3M42-224;Kulturen-1(FV);3;2;44.4;118.72;66.24;137.34
C3M42-247;Kulturen-1(FV);1;2;0;162;162;162
C3M42-247;Kulturen-1(FV);2;1;14.9;126.52;112.59;156.52
C3M42-247;Kulturen-1(FV);3;2;35.4;133.33;117.58;137.43
C3M42-268;Kulturen-1(FV);1;2;0;135.54;135.54;135.54
C3M42-268;Kulturen-1(FV);2;1;20.7;112.56;69.16;130
C3M42-268;Kulturen-1(FV);3;2;29.4;106.62;66.45;137.36
C3M42-320;Kulturen-1(FV);1;2;0;139.71;139.71;139.71
C3M42-320;Kulturen-1(FV);2;1;14.8;122.89;114.55;135.89
C3M42-320;Kulturen-1(FV);3;2;35.4;133.81;117.56;137.27
C3M42-329;Kulturen-1(FV);1;2;0;130.16;130.16;130.16
C3M42-329;Kulturen-1(FV);2;1;20.7;114.38;71.94;129.99
C3M42-329;Kulturen-1(FV);3;2;44.5;119.16;48.82;138.38
C3M42-330;Kulturen-1(FV);1;2;0;130.42;130.42;130.42
C3M42-330;Kulturen-1(FV);2;1;14.8;122.31;114.94;130.01
C3M42-330;Kulturen-1(FV);3;2;50.5;133.85;118.04;137.39
C3M42-362;Kulturen-1(FV);1;2;0;142.36;142.36;142.36
C3M42-362;Kulturen-1(FV);2;1;20.7;117.42;71.68;142.4
C3M42-362;Kulturen-1(FV);3;2;44.5;119.74;48.56;137.25
C3M42-400;Kulturen-1(FV);1;2;0;142.71;142.71;142.71
C3M42-400;Kulturen-1(FV);2;1;15.7;130.48;116.62;144.34
C3M42-400;Kulturen-1(FV);3;2;49.5;135.12;118.35;138.13
C3M42-421;Kulturen-1(FV);1;2;0;148.53;148.53;148.53
C3M42-421;Kulturen-1(FV);2;1;21.7;117.17;70.92;145.08
C3M42-421;Kulturen-1(FV);3;2;28.4;104.4;55.15;137.25
C3M42-441;Kulturen-1(FV);1;2;0;138.51;138.51;138.51
C3M42-441;Kulturen-1(FV);2;1;14.8;125.45;116.31;138.06
C3M42-441;Kulturen-1(FV);3;2;35.4;135.2;119.18;137.35
C3M42-482;Kulturen-1(FV);1;2;0;136.44;136.44;136.44
C3M42-482;Kulturen-1(FV);2;1;21.7;114.87;72.52;131.63
C3M42-482;Kulturen-1(FV);3;2;28.4;104.84;56.05;137.27
C3M42-486;Kulturen-1(FV);1;2;0;136.21;136.21;136.21
C3M42-486;Kulturen-1(FV);2;1;14.8;128.98;117.94;143.57
C3M42-486;Kulturen-1(FV);3;2;35.4;134.51;119.18;137.25
C3M42-11;Ler-0(FV);1;2;0;138.05;138.05;138.05
C3M42-11;Ler-0(FV);2;1;26.8;111.04;66.53;129.98
C3M42-11;Ler-0(FV);3;2;33.8;113.75;65.2;137.45
C3M42-50;Ler-0(FV);1;2;0;148.45;148.45;148.45
C3M42-50;Ler-0(FV);2;1;19.7;121.38;113.86;139.21
C3M42-50;Ler-0(FV);3;2;44.5;131.35;106.09;137.42
C3M42-109;Ler-0(FV);1;2;0;153.17;153.17;153.17
C3M42-109;Ler-0(FV);2;1;27.8;121.98;109.6;146.47
C3M42-131;Ler-0(FV);1;2;0;158.62;158.62;158.62
C3M42-131;Ler-0(FV);2;1;19.8;123.67;113.08;151.56
C3M42-131;Ler-0(FV);3;2;41.6;125.2;75.13;137.43
C3M42-216;Ler-0(FV);1;2;0;140.62;140.62;140.62
C3M42-216;Ler-0(FV);2;1;26.8;112.71;68;132.84
C3M42-216;Ler-0(FV);3;2;35.8;115.78;65.57;137.43
C3M42-229;Ler-0(FV);1;2;0;141.15;141.15;141.15
C3M42-229;Ler-0(FV);2;1;26.7;111.8;67.44;135.55
C3M42-229;Ler-0(FV);3;2;37.9;113.3;65.43;137.35
C3M42-242;Ler-0(FV);1;2;0;147.67;147.67;147.67
C3M42-242;Ler-0(FV);2;1;26.7;112.63;67.78;141.88
C3M42-242;Ler-0(FV);3;2;34.9;113.61;65.41;137.35
C3M42-256;Ler-0(FV);1;2;0;147.94;147.94;147.94
C3M42-256;Ler-0(FV);2;1;20.7;122.39;114.06;141.8
C3M42-256;Ler-0(FV);3;2;42.5;132.95;116.83;137.44
C3M42-328;Ler-0(FV);1;2;0;134.97;134.97;134.97
C3M42-328;Ler-0(FV);2;1;26.8;109.29;68.87;132.65
C3M42-328;Ler-0(FV);3;2;27.9;107.24;63.26;137.29
C3M42-363;Ler-0(FV);1;2;0;145.11;145.11;145.11
C3M42-363;Ler-0(FV);2;1;16.9;128.48;115.18;145.59
C3M42-363;Ler-0(FV);3;2;39.3;133.13;112.14;137.33
C3M42-394;Ler-0(FV);1;2;0;143.12;143.12;143.12
C3M42-394;Ler-0(FV);2;1;19.8;123.5;115.13;140.67
C3M42-394;Ler-0(FV);3;2;45.5;132.7;108.3;137.38
C3M42-406;Ler-0(FV);1;2;0;138.44;138.44;138.44
C3M42-406;Ler-0(FV);2;1;26.8;114.21;68.89;136.04
C3M42-406;Ler-0(FV);3;2;37.8;113.91;67.53;140.32
C3M42-417;Ler-0(FV);1;2;0;151.75;151.75;151.75
C3M42-417;Ler-0(FV);2;1;26.8;115.33;69.28;150.95
C3M42-417;Ler-0(FV);3;2;37.8;113.9;67.6;137.23
C3M42-420;Ler-0(FV);1;2;0;148.01;148.01;148.01
C3M42-420;Ler-0(FV);2;1;26.8;114.56;68.94;144.07
C3M42-420;Ler-0(FV);3;2;35.1;112.03;65.23;137.22
C3M42-463;Ler-0(FV);1;2;0;136.06;136.06;136.06
C3M42-463;Ler-0(FV);2;1;19.8;128.42;117.15;142.58
C3M42-463;Ler-0(FV);3;2;42.7;134.33;117.17;137.31
C3M42-499;Ler-0(FV);1;2;0;135.38;135.38;135.38
C3M42-499;Ler-0(FV);2;1;16.9;131.83;106.04;161.7
C3M42-499;Ler-0(FV);3;2;41.5;131.04;89.34;137.24
C3M42-13;Or-1(FV);1;2;0;142.21;142.21;142.21
C3M42-13;Or-1(FV);2;1;16.7;121.05;113.62;133.58
C3M42-13;Or-1(FV);3;2;37.9;132.75;113.47;137.4
C3M42-24;Or-1(FV);1;2;0;147.87;147.87;147.87
C3M42-24;Or-1(FV);2;1;21.8;114.8;68.57;141.21
C3M42-24;Or-1(FV);3;2;32.8;109.7;51.84;137.4
C3M42-42;Or-1(FV);1;2;0;135.23;135.23;135.23
C3M42-42;Or-1(FV);2;1;16.8;120.59;113.13;130.01
C3M42-42;Or-1(FV);3;2;37.5;132.61;116.24;137.32
C3M42-78;Or-1(FV);1;2;0;142.05;142.05;142.05
C3M42-78;Or-1(FV);2;1;26.7;111.25;67.46;133.53
C3M42-78;Or-1(FV);3;2;36.9;112.6;64.88;137.45
C3M42-81;Or-1(FV);1;2;0;156.87;156.87;156.87
C3M42-81;Or-1(FV);2;1;15.8;122.92;111.64;147.83
C3M42-81;Or-1(FV);3;2;48.4;132.08;113.15;137.39
C3M42-113;Or-1(FV);1;2;0;154.13;154.13;154.13
C3M42-113;Or-1(FV);2;1;15.7;124.06;114.63;147.05
C3M42-113;Or-1(FV);3;2;48.5;132.52;110.78;137.45
C3M42-120;Or-1(FV);1;2;0;151.26;151.26;151.26
C3M42-120;Or-1(FV);2;1;26.8;112.22;68.34;135.34
C3M42-120;Or-1(FV);3;2;36.8;114.94;64.14;137.33
C3M42-173;Or-1(FV);1;2;0;141.75;141.75;141.75
C3M42-173;Or-1(FV);2;1;22.7;114.02;70.15;135.71
C3M42-173;Or-1(FV);3;2;31.8;109.31;66.9;137.37
C3M42-177;Or-1(FV);1;2;0;148.22;148.22;148.22
C3M42-177;Or-1(FV);2;1;16.9;122.63;113.3;141.49
C3M42-177;Or-1(FV);3;2;37.6;132.49;112.96;137.29
C3M42-189;Or-1(FV);1;2;0;149.28;149.28;149.28
C3M42-189;Or-1(FV);2;1;16.9;123.07;112.57;142.87
C3M42-189;Or-1(FV);3;2;37.8;132.85;110.31;137.36
C3M42-219;Or-1(FV);1;2;0;143.02;143.02;143.02
C3M42-219;Or-1(FV);2;1;21.7;115.15;72.01;135.97
C3M42-219;Or-1(FV);3;2;32.8;110.06;54.84;137.34
C3M42-251;Or-1(FV);1;2;0;152.16;152.16;152.16
C3M42-251;Or-1(FV);2;1;19.8;122.04;112.48;144.67
C3M42-251;Or-1(FV);3;2;45.4;131.55;109.71;137.42
C3M42-291;Or-1(FV);1;2;0;133.76;133.76;133.76
C3M42-291;Or-1(FV);2;1;16.9;121;113.22;129.99
C3M42-291;Or-1(FV);3;2;38.5;132.73;116.12;137.36
C3M42-332;Or-1(FV);1;2;0;134.1;134.1;134.1
C3M42-332;Or-1(FV);2;1;21.8;113.64;69.95;130.17
C3M42-332;Or-1(FV);3;2;28.4;103.78;54.24;137.3
C3M42-429;Or-1(FV);1;2;0;134.74;134.74;134.74
C3M42-429;Or-1(FV);2;1;26.8;110.11;69.21;134.05
C3M42-429;Or-1(FV);3;2;37.8;115.45;64.59;137.32
C3M42-436;Or-1(FV);1;2;0;140.94;140.94;140.94
C3M42-436;Or-1(FV);2;1;15.8;130.13;116.88;144.16
C3M42-436;Or-1(FV);3;2;49.5;132.96;111.31;137.21
C3M42-438;Or-1(FV);1;2;0;137.8;137.8;137.8
C3M42-438;Or-1(FV);2;1;22.7;122.34;71.65;146.16
C3M42-438;Or-1(FV);3;2;27.4;104.33;68.67;137.22
C3M42-462;Or-1(FV);1;2;0;138.45;138.45;138.45
C3M42-462;Or-1(FV);2;1;26.8;115.05;69.57;146.3
C3M42-462;Or-1(FV);3;2;37.8;114.23;63.74;137.34
C3M42-20;Ped-0(FV);1;2;0;141.8;141.8;141.8
C3M42-20;Ped-0(FV);2;1;20.8;120.48;111.43;132.06
C3M42-20;Ped-0(FV);3;2;42.5;134.32;117.03;137.36
C3M42-32;Ped-0(FV);1;2;0;134.6;134.6;134.6
C3M42-32;Ped-0(FV);2;1;26.8;112.48;66.35;130.01
C3M42-32;Ped-0(FV);3;2;35.8;115.26;65.32;138.93
C3M42-39;Ped-0(FV);1;2;0;146.31;146.31;146.31
C3M42-39;Ped-0(FV);2;1;26.7;114.01;68;137.67
C3M42-39;Ped-0(FV);3;2;35.9;115.49;65.72;137.89
C3M42-72;Ped-0(FV);1;2;0;143.47;143.47;143.47
C3M42-72;Ped-0(FV);2;1;26.8;110.98;66.65;133.87
C3M42-72;Ped-0(FV);3;2;36.8;116.34;64.93;137.4
C3M42-124;Ped-0(FV);1;2;0;154.61;154.61;154.61
C3M42-124;Ped-0(FV);2;1;26.7;114.65;68.55;148.3
C3M42-124;Ped-0(FV);3;2;34;114.84;66.37;139.17
C3M42-141;Ped-0(FV);1;2;0;160.79;160.79;160.79
C3M42-141;Ped-0(FV);2;1;26.8;114.84;67.76;154.51
C3M42-141;Ped-0(FV);3;2;36.8;115.13;66.47;138.66
C3M42-146;Ped-0(FV);1;2;0;146.64;146.64;146.64
C3M42-146;Ped-0(FV);2;1;19.7;122.34;114.04;141.09
C3M42-146;Ped-0(FV);3;2;44.5;134.29;116.59;143.52
C3M42-179;Ped-0(FV);1;2;0;158.7;158.7;158.7
C3M42-179;Ped-0(FV);2;1;19.8;124.29;113.42;152.47
C3M42-179;Ped-0(FV);3;2;41.6;133.65;117.62;137.93
C3M42-272;Ped-0(FV);1;2;0;147.77;147.77;147.77
C3M42-272;Ped-0(FV);2;1;29.8;121.3;110.19;142.5
C3M42-272;Ped-0(FV);3;2;33.4;134.98;116.29;138.51
C3M42-283;Ped-0(FV);1;2;0;143.27;143.27;143.27
C3M42-283;Ped-0(FV);2;1;33.9;121.14;109.88;140.33
C3M42-283;Ped-0(FV);3;2;29.4;134.87;96.04;138.8
C3M42-297;Ped-0(FV);1;2;0;132.93;132.93;132.93
C3M42-297;Ped-0(FV);2;1;26.8;111.59;67.52;130.01
C3M42-297;Ped-0(FV);3;2;34.9;115.89;65.77;137.27
C3M42-356;Ped-0(FV);1;2;0;142.38;142.38;142.38
C3M42-356;Ped-0(FV);2;1;26.8;114.96;69.38;139.67
C3M42-356;Ped-0(FV);3;2;37.8;116.97;66.25;137.64
C3M42-357;Ped-0(FV);1;2;0;137.26;137.26;137.26
C3M42-357;Ped-0(FV);2;1;26.8;113.1;68.21;132.34
C3M42-357;Ped-0(FV);3;2;34.9;115.04;66.7;138.56
C3M42-358;Ped-0(FV);1;2;0;139.99;139.99;139.99
C3M42-358;Ped-0(FV);2;1;19.8;121.91;113.79;135.63
C3M42-358;Ped-0(FV);3;2;45.5;134.04;117.56;137.58
C3M42-387;Ped-0(FV);1;2;0;139.39;139.39;139.39
C3M42-387;Ped-0(FV);2;1;19.7;127.43;115.65;141.68
C3M42-387;Ped-0(FV);3;2;42.5;134.99;118.27;139.5
C3M42-415;Ped-0(FV);1;2;0;145.47;145.47;145.47
C3M42-415;Ped-0(FV);2;1;19.8;132.32;116.2;149.98
C3M42-415;Ped-0(FV);3;2;45.5;135.47;119.22;138.55
C3M42-428;Ped-0(FV);1;2;0;140.23;140.23;140.23
C3M42-428;Ped-0(FV);2;1;26.8;113.54;69.43;141.56
C3M42-428;Ped-0(FV);3;2;37.8;116.54;68.31;138.99
C3M42-447;Ped-0(FV);1;2;0;137.33;137.33;137.33
C3M42-447;Ped-0(FV);2;1;65.6;119.14;50.82;142.66
C3M42-29;Pi-0(FV);1;2;0;146.02;146.02;146.02
C3M42-29;Pi-0(FV);2;1;15.7;121.77;113.18;136.86
C3M42-29;Pi-0(FV);3;2;48.5;130.09;109.51;137.28
C3M42-47;Pi-0(FV);1;2;0;137.2;137.2;137.2
C3M42-47;Pi-0(FV);2;1;16.9;120.41;111.72;130.01
C3M42-47;Pi-0(FV);3;2;37.8;126.7;78;137.29
C3M42-77;Pi-0(FV);1;2;0;147.23;147.23;147.23
C3M42-77;Pi-0(FV);2;1;21.7;114.85;69.64;138.06
C3M42-77;Pi-0(FV);3;2;32.5;107.25;52.48;137.45
C3M42-93;Pi-0(FV);1;2;0;169.39;169.39;169.39
C3M42-93;Pi-0(FV);2;1;20.8;118.33;69.68;160.93
C3M42-93;Pi-0(FV);3;2;43.4;113.89;65.77;137.48
C3M42-137;Pi-0(FV);1;2;0;152.05;152.05;152.05
C3M42-137;Pi-0(FV);2;1;16.9;123.36;113.49;145.63
C3M42-137;Pi-0(FV);3;2;38.6;128.39;89.2;137.33
C3M42-175;Pi-0(FV);1;2;0;158.41;158.41;158.41
C3M42-175;Pi-0(FV);2;1;20.8;115.94;68.69;152.5
C3M42-175;Pi-0(FV);3;2;43.5;114.26;66.49;137.42
C3M42-192;Pi-0(FV);1;2;0;148.77;148.77;148.77
C3M42-192;Pi-0(FV);2;1;15.8;122.14;112.31;140.78
C3M42-192;Pi-0(FV);3;2;48.4;127.44;98.18;137.45
C3M42-271;Pi-0(FV);1;2;0;147.78;147.78;147.78
C3M42-271;Pi-0(FV);2;1;22.7;114.92;69.37;143.61
C3M42-271;Pi-0(FV);3;2;32.5;107.77;66.1;137.27
C3M42-310;Pi-0(FV);1;2;0;134.96;134.96;134.96
C3M42-310;Pi-0(FV);2;1;22.7;114;71.26;133.81
C3M42-310;Pi-0(FV);3;2;32.5;108.63;66.5;137.26
C3M42-323;Pi-0(FV);1;2;0;142.39;142.39;142.39
C3M42-323;Pi-0(FV);2;1;21.8;113.75;68.61;136.85
C3M42-323;Pi-0(FV);3;2;28.4;103.16;53.13;137.32
C3M42-338;Pi-0(FV);1;2;0;134.13;134.13;134.13
C3M42-338;Pi-0(FV);2;1;20.7;114.97;71.46;133.27
C3M42-338;Pi-0(FV);3;2;44.5;115.18;48.35;137.24
C3M42-388;Pi-0(FV);1;2;0;137.29;137.29;137.29
C3M42-388;Pi-0(FV);2;1;16.9;127.35;115.78;139.19
C3M42-388;Pi-0(FV);3;2;39.8;127.26;77.14;137.2
C3M42-424;Pi-0(FV);1;2;0;138.79;138.79;138.79
C3M42-424;Pi-0(FV);2;1;15.7;129.32;116.59;141.55
C3M42-424;Pi-0(FV);3;2;34.4;132.75;102.58;137.29
C3M42-427;Pi-0(FV);1;2;0;138.71;138.71;138.71
C3M42-427;Pi-0(FV);2;1;14.8;130.76;116.5;142.86
C3M42-427;Pi-0(FV);3;2;35.4;131.17;99.39;137.31
C3M42-459;Pi-0(FV);1;2;0;136.58;136.58;136.58
C3M42-459;Pi-0(FV);2;1;26.8;109.75;68.5;134.19
C3M42-459;Pi-0(FV);3;2;29;104.78;66.37;137.3
C3M42-503;Pi-0(FV);1;2;0;130;130;130
C3M42-503;Pi-0(FV);2;1;15.8;121.5;115.13;130.01
C3M42-503;Pi-0(FV);3;2;49.5;128.18;96.4;137.3
C3M42-6;Pla-0(FV);1;2;0;135.42;135.42;135.42
C3M42-6;Pla-0(FV);2;1;16.8;121.27;111.01;140
C3M42-6;Pla-0(FV);3;2;47.5;131;95.94;137.58
C3M42-44;Pla-0(FV);1;2;0;140.11;140.11;140.11
C3M42-44;Pla-0(FV);2;1;16.9;120.95;111.95;130.82
C3M42-44;Pla-0(FV);3;2;33.4;132.99;111.14;137.44
C3M42-59;Pla-0(FV);1;2;0;145.87;145.87;145.87
C3M42-59;Pla-0(FV);2;1;21.8;115.35;71.65;138.56
C3M42-59;Pla-0(FV);3;2;42.4;117.21;53.03;137.4
C3M42-61;Pla-0(FV);1;2;0;146.14;146.14;146.14
C3M42-61;Pla-0(FV);2;1;21.7;114.84;69.36;138.11
C3M42-61;Pla-0(FV);3;2;32.9;108.95;52.36;137.34
C3M42-103;Pla-0(FV);1;2;0;158.3;158.3;158.3
C3M42-103;Pla-0(FV);2;1;26.8;113.29;67.03;151.03
C3M42-103;Pla-0(FV);3;2;36.8;109.63;63.2;137.45
C3M42-155;Pla-0(FV);1;2;0;149.26;149.26;149.26
C3M42-155;Pla-0(FV);2;1;26.8;113.28;67.93;142.53
C3M42-155;Pla-0(FV);3;2;36.8;115.32;65.78;137.77
C3M42-194;Pla-0(FV);1;2;0;145.54;145.54;145.54
C3M42-194;Pla-0(FV);2;1;16.9;122.58;113.74;140.13
C3M42-194;Pla-0(FV);3;2;37.8;131.68;97.68;137.36
C3M42-246;Pla-0(FV);1;2;0;146.98;146.98;146.98
C3M42-246;Pla-0(FV);2;1;16.9;122.23;112.83;141.56
C3M42-246;Pla-0(FV);3;2;48.5;131.94;109.84;137.38
C3M42-254;Pla-0(FV);1;2;0;152.17;152.17;152.17
C3M42-254;Pla-0(FV);2;1;22.7;115.19;69.13;146.61
C3M42-254;Pla-0(FV);3;2;31.8;110.43;66.37;137.36
C3M42-300;Pla-0(FV);1;2;0;145.03;145.03;145.03
C3M42-300;Pla-0(FV);2;1;16.9;121.41;111.85;143.57
C3M42-300;Pla-0(FV);3;2;38.5;130.35;94.85;137.25
C3M42-334;Pla-0(FV);1;2;0;136.66;136.66;136.66
C3M42-334;Pla-0(FV);2;1;16.9;121.96;114.09;132.04
C3M42-334;Pla-0(FV);3;2;38.5;131.71;109.2;137.32
C3M42-364;Pla-0(FV);1;2;0;139.99;139.99;139.99
C3M42-364;Pla-0(FV);2;1;22.7;118.35;72.6;140.95
C3M42-364;Pla-0(FV);3;2;32.5;111.11;67.55;137.38
C3M42-407;Pla-0(FV);1;2;0;141.25;141.25;141.25
C3M42-407;Pla-0(FV);2;1;22.7;115.5;72.57;138.35
C3M42-407;Pla-0(FV);3;2;33;111.64;67.65;137.28
C3M42-408;Pla-0(FV);1;2;0;138.04;138.04;138.04
C3M42-408;Pla-0(FV);2;1;26.8;112.84;68.27;133.85
C3M42-408;Pla-0(FV);3;2;37.8;113.63;66.84;137.42
C3M42-461;Pla-0(FV);1;2;0;134.53;134.53;134.53
C3M42-461;Pla-0(FV);2;1;15.8;126.19;117.12;135.73
C3M42-461;Pla-0(FV);3;2;49.5;133.54;114.28;141.66
C3M42-467;Pla-0(FV);1;2;0;137.1;137.1;137.1
C3M42-467;Pla-0(FV);2;1;16.9;122.66;115.38;132.19
C3M42-467;Pla-0(FV);3;2;39.6;133.13;106.43;137.33
C3M42-470;Pla-0(FV);1;2;0;141.37;141.37;141.37
C3M42-470;Pla-0(FV);2;1;22.7;115.51;71.87;136.9
C3M42-470;Pla-0(FV);3;2;35.5;113.44;67.53;137.27
C3M42-497;Pla-0(FV);1;2;0;138.09;138.09;138.09
C3M42-497;Pla-0(FV);2;1;16.9;124.15;115.1;135.29
C3M42-497;Pla-0(FV);3;2;48.5;132.03;110.59;137.32
C3M42-85;Ra-0(FV);1;2;0;146.68;146.68;146.68
C3M42-85;Ra-0(FV);2;1;19.7;122.25;114.51;139.62
C3M42-85;Ra-0(FV);3;2;44.5;129.03;95.72;137.43
C3M42-98;Ra-0(FV);1;2;0;151.92;151.92;151.92
C3M42-98;Ra-0(FV);2;1;21.7;116.34;72.24;144.79
C3M42-98;Ra-0(FV);3;2;32.8;107.6;55.21;137.43
C3M42-100;Ra-0(FV);1;2;0;156.49;156.49;156.49
C3M42-100;Ra-0(FV);2;1;26.7;113.28;67.47;148.9
C3M42-100;Ra-0(FV);3;2;36.9;110.38;64.08;137.51
C3M42-143;Ra-0(FV);1;2;0;148.92;148.92;148.92
C3M42-143;Ra-0(FV);2;1;26.8;113.16;67.76;142.28
C3M42-143;Ra-0(FV);3;2;33.9;110.68;66.26;137.29
C3M42-182;Ra-0(FV);1;2;0;148.72;148.72;148.72
C3M42-182;Ra-0(FV);2;1;19.7;123.01;114.53;143.64
C3M42-182;Ra-0(FV);3;2;43.5;128.09;98.48;137.32
C3M42-203;Ra-0(FV);1;2;0;149.44;149.44;149.44
C3M42-203;Ra-0(FV);2;1;26.8;112.23;67.17;141.04
C3M42-203;Ra-0(FV);3;2;35.8;111.72;63.63;137.44
C3M42-210;Ra-0(FV);1;2;0;144.07;144.07;144.07
C3M42-210;Ra-0(FV);2;1;26.7;111.8;67.44;139.26
C3M42-210;Ra-0(FV);3;2;36.9;109.18;64.4;137.39
C3M42-215;Ra-0(FV);1;2;0;142.1;142.1;142.1
C3M42-215;Ra-0(FV);2;1;26.8;110.9;66.14;133.51
C3M42-215;Ra-0(FV);3;2;37.8;109.71;64.84;137.34
C3M42-288;Ra-0(FV);1;2;0;142.08;142.08;142.08
C3M42-288;Ra-0(FV);2;1;19.8;121.14;112.39;136.81
C3M42-288;Ra-0(FV);3;2;45.4;126.88;90.12;137.32
C3M42-294;Ra-0(FV);1;2;0;137.74;137.74;137.74
C3M42-294;Ra-0(FV);2;1;19.7;121.16;113.5;131.11
C3M42-294;Ra-0(FV);3;2;42.5;124.52;79.56;137.27
C3M42-339;Ra-0(FV);1;2;0;138.49;138.49;138.49
C3M42-339;Ra-0(FV);2;1;22.7;116.13;71.93;137.36
C3M42-339;Ra-0(FV);3;2;33.8;108.89;66.96;137.2
C3M42-365;Ra-0(FV);1;2;0;140.73;140.73;140.73
C3M42-365;Ra-0(FV);2;1;26.8;111.99;68.44;143.09
C3M42-365;Ra-0(FV);3;2;27.9;102.92;65.13;137.32
C3M42-381;Ra-0(FV);1;2;0;139.47;139.47;139.47
C3M42-381;Ra-0(FV);2;1;15.8;124.47;115.87;138.58
C3M42-381;Ra-0(FV);3;2;47.5;132.25;101.43;137.25
C3M42-389;Ra-0(FV);1;2;0;138.67;138.67;138.67
C3M42-389;Ra-0(FV);2;1;26.8;113.47;68.73;140.96
C3M42-389;Ra-0(FV);3;2;37.8;110.52;62.2;137.22
C3M42-396;Ra-0(FV);1;2;0;137.75;137.75;137.75
C3M42-396;Ra-0(FV);2;1;15.8;122.36;114.15;134.32
C3M42-396;Ra-0(FV);3;2;34.4;129.45;96.36;137.37
C3M42-414;Ra-0(FV);1;2;0;146.55;146.55;146.55
C3M42-414;Ra-0(FV);2;1;19.8;134.7;115.74;153.95
C3M42-414;Ra-0(FV);3;2;42.7;127.23;98.78;137.24
C3M42-419;Ra-0(FV);1;2;0;152.63;152.63;152.63
C3M42-419;Ra-0(FV);2;1;19.8;126.14;115.09;149.68
C3M42-419;Ra-0(FV);3;2;45.5;130.25;98.11;137.29
C3M42-475;Ra-0(FV);1;2;0;132.33;132.33;132.33
C3M42-475;Ra-0(FV);2;1;19.8;128.98;117.09;152.13
C3M42-475;Ra-0(FV);3;2;45.5;127.18;94.32;137.24
C3M42-110;Rennes-1(FV);1;2;0;154.96;154.96;154.96
C3M42-110;Rennes-1(FV);2;1;16.8;124.18;114.39;147.67
C3M42-110;Rennes-1(FV);3;2;37.6;131.38;102.81;137.44
C3M42-126;Rennes-1(FV);1;2;0;151.82;151.82;151.82
C3M42-126;Rennes-1(FV);2;1;20.7;116.28;72.52;145.21
C3M42-126;Rennes-1(FV);3;2;43.5;113;47.29;137.41
C3M42-142;Rennes-1(FV);1;2;0;149.43;149.43;149.43
C3M42-142;Rennes-1(FV);2;1;19.8;122.05;113.33;142.26
C3M42-142;Rennes-1(FV);3;2;44.4;128.75;100.93;137.27
C3M42-147;Rennes-1(FV);1;2;0;146.24;146.24;146.24
C3M42-147;Rennes-1(FV);2;1;16.9;122.52;113.78;140.17
C3M42-147;Rennes-1(FV);3;2;37.6;130.17;100.92;137.44
C3M42-160;Rennes-1(FV);1;2;0;153.05;153.05;153.05
C3M42-160;Rennes-1(FV);2;1;22.7;116.97;71.33;148.45
C3M42-160;Rennes-1(FV);3;2;31.8;109.52;67.13;137.33
C3M42-174;Rennes-1(FV);1;2;0;149.62;149.62;149.62
C3M42-174;Rennes-1(FV);2;1;20.7;116.12;72.8;144.27
C3M42-174;Rennes-1(FV);3;2;43.5;115.19;47.79;137.38
C3M42-180;Rennes-1(FV);1;2;0;154.06;154.06;154.06
C3M42-180;Rennes-1(FV);2;1;21.8;116.24;72.47;146.55
C3M42-180;Rennes-1(FV);3;2;42.4;115.05;54.77;137.41
C3M42-199;Rennes-1(FV);1;2;0;143.64;143.64;143.64
C3M42-199;Rennes-1(FV);2;1;22.7;114.09;69.21;138.8
C3M42-199;Rennes-1(FV);3;2;31.6;106.95;66.58;137.44
C3M42-217;Rennes-1(FV);1;2;0;145.8;145.8;145.8
C3M42-217;Rennes-1(FV);2;1;16.9;121.94;113.3;138.43
C3M42-217;Rennes-1(FV);3;2;37.8;131.71;110.48;137.39
C3M42-228;Rennes-1(FV);1;2;0;137.19;137.19;137.19
C3M42-228;Rennes-1(FV);2;1;16.9;120.08;110.84;129.99
C3M42-228;Rennes-1(FV);3;2;38.5;130.35;97.44;137.41
C3M42-240;Rennes-1(FV);1;2;0;147.67;147.67;147.67
C3M42-240;Rennes-1(FV);2;1;21.8;114.22;67.31;139.61
C3M42-240;Rennes-1(FV);3;2;43.4;116.12;52.03;137.45
C3M42-315;Rennes-1(FV);1;2;0;131.71;131.71;131.71
C3M42-315;Rennes-1(FV);2;1;15.7;122.4;115.47;129.99
C3M42-315;Rennes-1(FV);3;2;49.5;129.49;102.88;137.23
C3M42-331;Rennes-1(FV);1;2;0;135.42;135.42;135.42
C3M42-331;Rennes-1(FV);2;1;22.7;114.59;70.95;132.57
C3M42-331;Rennes-1(FV);3;2;32.6;107.28;66.91;137.37
C3M42-336;Rennes-1(FV);1;2;0;132.73;132.73;132.73
C3M42-336;Rennes-1(FV);2;1;22.7;112.83;68.73;130
C3M42-336;Rennes-1(FV);3;2;32.5;108.66;66.43;137.23
C3M42-359;Rennes-1(FV);1;2;0;137.4;137.4;137.4
C3M42-359;Rennes-1(FV);2;1;16.9;121.67;113.64;131.96
C3M42-359;Rennes-1(FV);3;2;38.6;131.01;100.86;137.34
C3M42-375;Rennes-1(FV);1;2;0;143.62;143.62;143.62
C3M42-375;Rennes-1(FV);2;1;22.7;118.11;69.31;144.28
C3M42-375;Rennes-1(FV);3;2;40.5;117.91;67.34;137.39
C3M42-397;Rennes-1(FV);1;2;0;140.51;140.51;140.51
C3M42-397;Rennes-1(FV);2;1;15.7;125.93;115.19;180.59
C3M42-397;Rennes-1(FV);3;2;49.5;130.35;104.05;137.32
C3M42-477;Rennes-1(FV);1;2;0;140.13;140.13;140.13
C3M42-477;Rennes-1(FV);2;1;15.8;125.83;116.99;137.71
C3M42-477;Rennes-1(FV);3;2;49.5;132.51;114.43;137.3
C3M42-8;Sanna-2(FV);1;2;0;143.69;143.69;143.69
C3M42-8;Sanna-2(FV);2;1;19.8;120.26;110.08;132.67
C3M42-8;Sanna-2(FV);3;2;44.4;132.83;108.78;137.52
C3M42-125;Sanna-2(FV);1;2;0;154.1;154.1;154.1
C3M42-125;Sanna-2(FV);2;1;16.9;124.05;113.8;147.89
C3M42-125;Sanna-2(FV);3;2;37.6;131.98;103.49;137.38
C3M42-154;Sanna-2(FV);1;2;0;144.94;144.94;144.94
C3M42-154;Sanna-2(FV);2;1;26.8;112.66;68.26;137.88
C3M42-154;Sanna-2(FV);3;2;33.9;113.65;67.17;137.58
C3M42-169;Sanna-2(FV);1;2;0;145.08;145.08;145.08
C3M42-169;Sanna-2(FV);2;1;19.7;122;113.9;139.43
C3M42-169;Sanna-2(FV);3;2;41.6;133.22;116.73;137.36
C3M42-172;Sanna-2(FV);1;2;0;146.7;146.7;146.7
C3M42-172;Sanna-2(FV);2;1;26.7;113.5;68.54;141.27
C3M42-172;Sanna-2(FV);3;2;36.9;112.49;66.22;162.43
C3M42-181;Sanna-2(FV);1;2;0;146.31;146.31;146.31
C3M42-181;Sanna-2(FV);2;1;22.7;114.24;70.03;140.09
C3M42-181;Sanna-2(FV);3;2;31.8;110.29;66.71;137.36
C3M42-193;Sanna-2(FV);1;2;0;147.91;147.91;147.91
C3M42-193;Sanna-2(FV);2;1;19.7;122.07;113.54;141.74
C3M42-193;Sanna-2(FV);3;2;44.5;133.08;116.27;137.42
C3M42-208;Sanna-2(FV);1;2;0;138.18;138.18;138.18
C3M42-208;Sanna-2(FV);2;1;19.7;120.92;112.53;131.98
C3M42-208;Sanna-2(FV);3;2;43.5;132.83;114.63;137.45
C3M42-250;Sanna-2(FV);1;2;0;147.31;147.31;147.31
C3M42-250;Sanna-2(FV);2;1;26.8;111.69;66.53;139.83
C3M42-250;Sanna-2(FV);3;2;37.8;114.13;65.42;138.18
C3M42-270;Sanna-2(FV);1;2;0;137.57;137.57;137.57
C3M42-270;Sanna-2(FV);2;1;22.7;113.77;69.36;131.44
C3M42-270;Sanna-2(FV);3;2;32.6;110.01;66.58;137.26
C3M42-298;Sanna-2(FV);1;2;0;134.14;134.14;134.14
C3M42-298;Sanna-2(FV);2;1;26.8;111.15;66.99;129.99
C3M42-298;Sanna-2(FV);3;2;34.9;113.12;65.33;137.3
C3M42-335;Sanna-2(FV);1;2;0;136.28;136.28;136.28
C3M42-335;Sanna-2(FV);2;1;19.8;121.11;113.52;130.3
C3M42-335;Sanna-2(FV);3;2;43.5;132.75;105.92;138.41
C3M42-337;Sanna-2(FV);1;2;0;130.86;130.86;130.86
C3M42-337;Sanna-2(FV);2;1;19.7;121.96;114.86;129.99
C3M42-337;Sanna-2(FV);3;2;45.5;133.21;112.94;137.22
C3M42-369;Sanna-2(FV);1;2;0;136.75;136.75;136.75
C3M42-369;Sanna-2(FV);2;1;22.7;115.02;71.21;135.16
C3M42-369;Sanna-2(FV);3;2;33.3;111.51;67.69;137.34
C3M42-379;Sanna-2(FV);1;2;0;137.93;137.93;137.93
C3M42-379;Sanna-2(FV);2;1;26.8;111.26;68.66;139.97
C3M42-379;Sanna-2(FV);3;2;37.8;115.24;64.59;137.26
C3M42-383;Sanna-2(FV);1;2;0;139.47;139.47;139.47
C3M42-383;Sanna-2(FV);2;1;19.8;122.38;114.75;137.32
C3M42-383;Sanna-2(FV);3;2;42.6;133.65;118.1;137.19
C3M42-491;Sanna-2(FV);1;2;0;135.16;135.16;135.16
C3M42-491;Sanna-2(FV);2;1;26.8;109.05;68.49;130.46
C3M42-491;Sanna-2(FV);3;2;37.8;113.86;67.19;138.21
C3M42-496;Sanna-2(FV);1;2;0;133.47;133.47;133.47
C3M42-496;Sanna-2(FV);2;1;19.8;121.82;114.28;129.99
C3M42-496;Sanna-2(FV);3;2;45.5;133.63;118.16;137.3
C3M42-34;TAL-03(FV);1;2;0;142.15;142.15;142.15
C3M42-34;TAL-03(FV);2;1;26.8;111.05;66.09;133.13
C3M42-34;TAL-03(FV);3;2;33.8;112.05;64.83;137.28
C3M42-46;TAL-03(FV);1;2;0;145.86;145.86;145.86
C3M42-46;TAL-03(FV);2;1;26.8;111.87;67.17;136.58
C3M42-46;TAL-03(FV);3;2;33.8;114.31;65.11;137.42
C3M42-49;TAL-03(FV);1;2;0;146.05;146.05;146.05
C3M42-49;TAL-03(FV);2;1;16.7;121.67;113.7;138.13
C3M42-49;TAL-03(FV);3;2;47.5;133.04;115.84;137.44
C3M42-67;TAL-03(FV);1;2;0;139.56;139.56;139.56
C3M42-67;TAL-03(FV);2;1;26.8;110.8;66.31;130.98
C3M42-67;TAL-03(FV);3;2;36.8;112.35;64.71;137.39
C3M42-80;TAL-03(FV);1;2;0;155.66;155.66;155.66
C3M42-80;TAL-03(FV);2;1;26.8;112.63;66.47;148.21
C3M42-80;TAL-03(FV);3;2;36.8;112.79;65.14;137.39
C3M42-90;TAL-03(FV);1;2;0;144.04;144.04;144.04
C3M42-90;TAL-03(FV);2;1;16.9;122.26;113.49;137.99
C3M42-90;TAL-03(FV);3;2;47.5;132.22;111.94;137.39
C3M42-95;TAL-03(FV);1;2;0;162.11;162.11;162.11
C3M42-95;TAL-03(FV);2;1;26.8;114.38;66.8;155.75
C3M42-95;TAL-03(FV);3;2;33.9;113.37;65.17;138.23
C3M42-226;TAL-03(FV);1;2;0;147.54;147.54;147.54
C3M42-226;TAL-03(FV);2;1;16.9;121.8;112.21;140.72
C3M42-226;TAL-03(FV);3;2;38.5;132.22;104.85;137.36
C3M42-273;TAL-03(FV);1;2;0;148.48;148.48;148.48
C3M42-273;TAL-03(FV);2;1;22.7;114.17;68.98;142.19
C3M42-273;TAL-03(FV);3;2;32.5;111.28;66.79;137.24
C3M42-289;TAL-03(FV);1;2;0;142.85;142.85;142.85
C3M42-289;TAL-03(FV);2;1;19.7;121.7;113.4;137.51
C3M42-289;TAL-03(FV);3;2;45.5;132.79;116.41;137.33
C3M42-311;TAL-03(FV);1;2;0;142.32;142.32;142.32
C3M42-311;TAL-03(FV);2;1;16.9;122.53;114.08;137.62
C3M42-311;TAL-03(FV);3;2;38.5;133.62;115.8;137.53
C3M42-321;TAL-03(FV);1;2;0;140.4;140.4;140.4
C3M42-321;TAL-03(FV);2;1;16.9;122.4;113.89;136.23
C3M42-321;TAL-03(FV);3;2;38.5;133.54;118.89;137.26
C3M42-401;TAL-03(FV);1;2;0;147.37;147.37;147.37
C3M42-401;TAL-03(FV);2;1;19.8;133.19;116.05;151.21
C3M42-401;TAL-03(FV);3;2;45.5;133.34;114.87;137.24
C3M42-404;TAL-03(FV);1;2;0;140.36;140.36;140.36
C3M42-404;TAL-03(FV);2;1;26.8;111.87;68.24;141.24
C3M42-404;TAL-03(FV);3;2;37.8;114.15;66.4;137.31
C3M42-431;TAL-03(FV);1;2;0;144.12;144.12;144.12
C3M42-431;TAL-03(FV);2;1;26.8;110.45;67.78;142.39
C3M42-431;TAL-03(FV);3;2;28.3;108.21;63.98;137.27
C3M42-432;TAL-03(FV);1;2;0;140.4;140.4;140.4
C3M42-432;TAL-03(FV);2;1;26.8;114.01;68.92;138.51
C3M42-432;TAL-03(FV);3;2;37.8;114.12;67.19;137.3
C3M42-451;TAL-03(FV);1;2;0;137.85;137.85;137.85
C3M42-451;TAL-03(FV);2;1;16.2;132.42;118.33;149.17
C3M42-451;TAL-03(FV);3;2;39.5;133.95;116.12;137.32
C3M42-452;TAL-03(FV);1;2;0;138.31;138.31;138.31
C3M42-452;TAL-03(FV);2;1;16.9;131.24;115.43;142.08
C3M42-452;TAL-03(FV);3;2;39.6;135;120.39;137.75
C3M42-16;TBO-01(FV);1;2;0;135.74;135.74;135.74
C3M42-16;TBO-01(FV);2;1;19.7;120.14;112.65;130
C3M42-16;TBO-01(FV);3;2;44.5;133.71;115.84;137.37
C3M42-23;TBO-01(FV);1;2;0;153.11;153.11;153.11
C3M42-23;TBO-01(FV);2;1;26.8;111.35;66.08;142.18
C3M42-23;TBO-01(FV);3;2;36.8;114.07;64.47;137.83
C3M42-33;TBO-01(FV);1;2;0;139.65;139.65;139.65
C3M42-33;TBO-01(FV);2;1;16.9;120.59;111.44;130.47
C3M42-33;TBO-01(FV);3;2;37.8;133.63;103.25;137.34
C3M42-88;TBO-01(FV);1;2;0;151.3;151.3;151.3
C3M42-88;TBO-01(FV);2;1;16.9;123;113.41;143.77
C3M42-88;TBO-01(FV);3;2;37.6;133.69;118.32;137.38
C3M42-111;TBO-01(FV);1;2;0;154.51;154.51;154.51
C3M42-111;TBO-01(FV);2;1;22.7;115.56;70.04;147.5
C3M42-111;TBO-01(FV);3;2;31.9;111.06;67.37;138.34
C3M42-136;TBO-01(FV);1;2;0;156.44;156.44;156.44
C3M42-136;TBO-01(FV);2;1;19.7;124.24;114.04;150.18
C3M42-136;TBO-01(FV);3;2;44.5;133.86;116.87;137.37
C3M42-207;TBO-01(FV);1;2;0;138.04;138.04;138.04
C3M42-207;TBO-01(FV);2;1;21.7;114.95;72.07;132.24
C3M42-207;TBO-01(FV);3;2;32.8;110.38;54.05;138.17
C3M42-227;TBO-01(FV);1;2;0;142.29;142.29;142.29
C3M42-227;TBO-01(FV);2;1;26.8;110.96;66.39;134.53
C3M42-227;TBO-01(FV);3;2;37.8;116.38;64.97;137.42
C3M42-265;TBO-01(FV);1;2;0;140.41;140.41;140.41
C3M42-265;TBO-01(FV);2;1;16.9;122.03;114.28;134.98
C3M42-265;TBO-01(FV);3;2;38.5;134.26;118.59;137.28
C3M42-317;TBO-01(FV);1;2;0;134.61;134.61;134.61
C3M42-317;TBO-01(FV);2;1;15.7;122.54;115.08;131.61
C3M42-317;TBO-01(FV);3;2;49.5;133.68;117.29;137.27
C3M42-341;TBO-01(FV);1;2;0;136.39;136.39;136.39
C3M42-341;TBO-01(FV);2;1;21.7;115.31;71.72;135.13
C3M42-341;TBO-01(FV);3;2;28.4;104.87;55.61;137.28
C3M42-349;TBO-01(FV);1;2;0;135.09;135.09;135.09
C3M42-349;TBO-01(FV);2;1;15.7;123.27;115.69;134.17
C3M42-349;TBO-01(FV);3;2;34.4;134.44;117.4;137.28
C3M42-361;TBO-01(FV);1;2;0;137.5;137.5;137.5
C3M42-361;TBO-01(FV);2;1;22.7;116.03;72.03;138.29
C3M42-361;TBO-01(FV);3;2;32.6;111.47;67.88;138.22
C3M42-444;TBO-01(FV);1;2;0;141.6;141.6;141.6
C3M42-444;TBO-01(FV);2;1;16.9;123.07;114.85;139.1
C3M42-444;TBO-01(FV);3;2;39.5;134.15;117.7;137.28
C3M42-481;TBO-01(FV);1;2;0;147.56;147.56;147.56
C3M42-481;TBO-01(FV);2;1;22.7;115.52;70.66;140.94
C3M42-481;TBO-01(FV);3;2;35.5;114.23;67.48;137.9
C3M42-485;TBO-01(FV);1;2;0;138.37;138.37;138.37
C3M42-485;TBO-01(FV);2;1;27.8;116.39;68.58;137.52
C3M42-485;TBO-01(FV);3;2;37.4;116.1;67.8;137.84
C3M42-22;TEDEN-02(FV);1;2;0;154.46;154.46;154.46
C3M42-22;TEDEN-02(FV);2;1;19.8;121.52;110.84;143.68
C3M42-22;TEDEN-02(FV);3;2;41.5;132.78;113.11;137.51
C3M42-60;TEDEN-02(FV);1;2;0;142.47;142.47;142.47
C3M42-60;TEDEN-02(FV);2;1;26.8;111.32;66.66;134.24
C3M42-60;TEDEN-02(FV);3;2;36.8;113.25;65.17;137.5
C3M42-68;TEDEN-02(FV);1;2;0;141.76;141.76;141.76
C3M42-68;TEDEN-02(FV);2;1;19.8;120.92;112.33;133.72
C3M42-68;TEDEN-02(FV);3;2;44.4;131.89;108.64;137.26
C3M42-104;TEDEN-02(FV);1;2;0;164.99;164.99;164.99
C3M42-104;TEDEN-02(FV);2;1;16.9;126.89;107.03;157.31
C3M42-104;TEDEN-02(FV);3;2;37.8;132.92;112.21;137.41
C3M42-114;TEDEN-02(FV);1;2;0;152.77;152.77;152.77
C3M42-114;TEDEN-02(FV);2;1;19.7;122.75;113.6;146.49
C3M42-114;TEDEN-02(FV);3;2;41.6;129.47;73.75;137.28
C3M42-116;TEDEN-02(FV);1;2;0;153.98;153.98;153.98
C3M42-116;TEDEN-02(FV);2;1;26.8;113.67;67.49;147.61
C3M42-116;TEDEN-02(FV);3;2;33.9;114.31;65.34;137.31
C3M42-132;TEDEN-02(FV);1;2;0;155.91;155.91;155.91
C3M42-132;TEDEN-02(FV);2;1;22.8;115.33;69.06;149.38
C3M42-132;TEDEN-02(FV);3;2;31.5;110.28;67.13;137.71
C3M42-198;TEDEN-02(FV);1;2;0;146.86;146.86;146.86
C3M42-198;TEDEN-02(FV);2;1;19.7;122.07;113.82;141.12
C3M42-198;TEDEN-02(FV);3;2;44.5;132.61;113.38;137.32
C3M42-238;TEDEN-02(FV);1;2;0;151.98;151.98;151.98
C3M42-238;TEDEN-02(FV);2;1;26.8;112.28;66.55;144.93
C3M42-238;TEDEN-02(FV);3;2;37.8;111.62;64.27;137.36
C3M42-285;TEDEN-02(FV);1;2;0;141.58;141.58;141.58
C3M42-285;TEDEN-02(FV);2;1;21.8;114.59;68.85;135.84
C3M42-285;TEDEN-02(FV);3;2;33.6;109.44;52.24;138.21
C3M42-301;TEDEN-02(FV);1;2;0;142.83;142.83;142.83
C3M42-301;TEDEN-02(FV);2;1;16.9;122.85;114.14;138.2
C3M42-301;TEDEN-02(FV);3;2;38.6;133.32;114.35;137.32
C3M42-313;TEDEN-02(FV);1;2;0;136.97;136.97;136.97
C3M42-313;TEDEN-02(FV);2;1;16.9;122.52;114.77;133.45
C3M42-313;TEDEN-02(FV);3;2;38.5;132.91;116.52;137.24
C3M42-340;TEDEN-02(FV);1;2;0;132.01;132.01;132.01
C3M42-340;TEDEN-02(FV);2;1;22.7;115.31;72.29;130.93
C3M42-340;TEDEN-02(FV);3;2;32.6;110.1;67.31;137.26
C3M42-368;TEDEN-02(FV);1;2;0;141.63;141.63;141.63
C3M42-368;TEDEN-02(FV);2;1;21.8;116.76;71.84;142.03
C3M42-368;TEDEN-02(FV);3;2;41.5;118.57;55.22;137.26
C3M42-386;TEDEN-02(FV);1;2;0;142.19;142.19;142.19
C3M42-386;TEDEN-02(FV);2;1;19.7;126.09;115.3;142.13
C3M42-386;TEDEN-02(FV);3;2;45.5;132.67;107.1;137.35
C3M42-437;TEDEN-02(FV);1;2;0;140.77;140.77;140.77
C3M42-437;TEDEN-02(FV);2;1;26.8;114.85;69.28;147.45
C3M42-437;TEDEN-02(FV);3;2;37.8;114.99;67.92;137.31
C3M42-17;TRA-01(FV);1;2;0;140.46;140.46;140.46
C3M42-17;TRA-01(FV);2;1;26.7;111.5;67.31;134.41
C3M42-17;TRA-01(FV);3;2;33.9;111.84;65.03;137.34
C3M42-37;TRA-01(FV);1;2;0;147.06;147.06;147.06
C3M42-37;TRA-01(FV);2;1;16.7;121.77;114.04;138.91
C3M42-37;TRA-01(FV);3;2;37.9;132.9;112.54;137.36
C3M42-82;TRA-01(FV);1;2;0;154.76;154.76;154.76
C3M42-82;TRA-01(FV);2;1;26.8;111.65;66.54;145.83
C3M42-82;TRA-01(FV);3;2;36.8;113.48;64.76;137.45
C3M42-106;TRA-01(FV);1;2;0;156.66;156.66;156.66
C3M42-106;TRA-01(FV);2;1;26.8;113.51;67.41;149.22
C3M42-106;TRA-01(FV);3;2;36.8;113.85;65.77;137.85
C3M42-244;TRA-01(FV);1;2;0;147.19;147.19;147.19
C3M42-244;TRA-01(FV);2;1;22.7;114.78;70.22;141.22
C3M42-244;TRA-01(FV);3;2;32.6;110.79;66.37;139.18
C3M42-255;TRA-01(FV);1;2;0;149.24;149.24;149.24
C3M42-255;TRA-01(FV);2;1;22.7;114.58;69.56;142.87
C3M42-255;TRA-01(FV);3;2;32.6;110.7;66.53;137.82
C3M42-259;TRA-01(FV);1;2;0;159.25;159.25;159.25
C3M42-259;TRA-01(FV);2;1;15.8;126.38;113.72;154.02
C3M42-259;TRA-01(FV);3;2;49.4;133.4;115.58;137.35
C3M42-275;TRA-01(FV);1;2;0;141.44;141.44;141.44
C3M42-275;TRA-01(FV);2;1;16.9;121.61;113.12;135.16
C3M42-275;TRA-01(FV);3;2;38.5;133.33;118.83;137.24
C3M42-350;TRA-01(FV);1;2;0;133.17;133.17;133.17
C3M42-350;TRA-01(FV);2;1;22.7;115.45;71.58;133.92
C3M42-350;TRA-01(FV);3;2;32.5;111.99;67.31;137.33
C3M42-351;TRA-01(FV);1;2;0;137.9;137.9;137.9
C3M42-351;TRA-01(FV);2;1;16.9;123.24;114.72;136.24
C3M42-351;TRA-01(FV);3;2;38.5;133.68;116.25;137.29
C3M42-355;TRA-01(FV);1;2;0;137.12;137.12;137.12
C3M42-355;TRA-01(FV);2;1;21.8;114.86;71.84;134.46
C3M42-355;TRA-01(FV);3;2;28.4;103.74;54.69;137.26
C3M42-403;TRA-01(FV);1;2;0;144.01;144.01;144.01
C3M42-403;TRA-01(FV);2;1;16.9;130.2;115.34;146.32
C3M42-403;TRA-01(FV);3;2;39;133.81;115.38;137.34
C3M42-416;TRA-01(FV);1;2;0;148.81;148.81;148.81
C3M42-416;TRA-01(FV);2;1;26.8;115.74;69.66;148.93
C3M42-416;TRA-01(FV);3;2;37.8;116.67;65.78;137.33
C3M42-418;TRA-01(FV);1;2;0;147.94;147.94;147.94
C3M42-418;TRA-01(FV);2;1;19.8;125.8;115.85;145.61
C3M42-418;TRA-01(FV);3;2;45.5;133.64;118.62;137.21
C3M42-435;TRA-01(FV);1;2;0;142.47;142.47;142.47
C3M42-435;TRA-01(FV);2;1;16.9;126.61;115.18;141.85
C3M42-435;TRA-01(FV);3;2;39.3;133.83;115.54;137.24
C3M42-457;TRA-01(FV);1;2;0;138.1;138.1;138.1
C3M42-457;TRA-01(FV);2;1;16.9;122.36;114.36;132.56
C3M42-457;TRA-01(FV);3;2;48.5;134.13;119.27;137.37
C3M42-7;Ts-1(FV);1;2;0;138.03;138.03;138.03
C3M42-7;Ts-1(FV);2;1;19.8;119.71;109.66;129.99
C3M42-7;Ts-1(FV);3;2;44.4;132.26;114.93;137.61
C3M42-19;Ts-1(FV);1;2;0;137.22;137.22;137.22
C3M42-19;Ts-1(FV);2;1;19.8;120.15;111.02;130.01
C3M42-19;Ts-1(FV);3;2;41.5;127.62;76.25;137.39
C3M42-36;Ts-1(FV);1;2;0;134.04;134.04;134.04
C3M42-36;Ts-1(FV);2;1;19.8;119.67;111.11;130.01
C3M42-36;Ts-1(FV);3;2;41.5;130.31;101.39;137.29
C3M42-58;Ts-1(FV);1;2;0;148.22;148.22;148.22
C3M42-58;Ts-1(FV);2;1;26.8;112.01;67.18;138.41
C3M42-58;Ts-1(FV);3;2;33.8;109.93;65.6;138.66
C3M42-75;Ts-1(FV);1;2;0;144.53;144.53;144.53
C3M42-75;Ts-1(FV);2;1;19.7;120.98;112.97;135.7
C3M42-75;Ts-1(FV);3;2;44.5;119.6;57.54;137.3
C3M42-165;Ts-1(FV);1;2;0;146.19;146.19;146.19
C3M42-165;Ts-1(FV);2;1;19.8;122.01;113.78;139.41
C3M42-165;Ts-1(FV);3;2;41.6;129.47;71.3;137.32
C3M42-195;Ts-1(FV);1;2;0;147.1;147.1;147.1
C3M42-195;Ts-1(FV);2;1;16.9;123.42;114.48;142.15
C3M42-195;Ts-1(FV);3;2;37.8;132.27;114.51;137.35
C3M42-221;Ts-1(FV);1;2;0;143.75;143.75;143.75
C3M42-221;Ts-1(FV);2;1;26.7;112.48;67.91;137.6
C3M42-221;Ts-1(FV);3;2;37.8;114.67;64.21;137.31
C3M42-234;Ts-1(FV);1;2;0;143.94;143.94;143.94
C3M42-234;Ts-1(FV);2;1;21.7;115.43;71.61;138.13
C3M42-234;Ts-1(FV);3;2;32.8;109.5;53.72;137.41
C3M42-237;Ts-1(FV);1;2;0;149.86;149.86;149.86
C3M42-237;Ts-1(FV);2;1;19.8;121.67;112.29;142.58
C3M42-237;Ts-1(FV);3;2;45.4;132.31;109.91;137.35
C3M42-342;Ts-1(FV);1;2;0;136.86;136.86;136.86
C3M42-342;Ts-1(FV);2;1;22.7;114.8;69.8;134.08
C3M42-342;Ts-1(FV);3;2;32.6;108.83;66.84;137.31
C3M42-348;Ts-1(FV);1;2;0;138.34;138.34;138.34
C3M42-348;Ts-1(FV);2;1;21.8;114.84;71.82;131.73
C3M42-348;Ts-1(FV);3;2;34.3;108.78;53.37;137.24
C3M42-382;Ts-1(FV);1;2;0;141.44;141.44;141.44
C3M42-382;Ts-1(FV);2;1;26.8;114.47;68.8;139.23
C3M42-382;Ts-1(FV);3;2;37.8;112.46;66.28;137.27
C3M42-395;Ts-1(FV);1;2;0;142.43;142.43;142.43
C3M42-395;Ts-1(FV);2;1;26.8;114.57;68.95;139.97
C3M42-395;Ts-1(FV);3;2;34.9;112.7;66.47;137.82
C3M42-439;Ts-1(FV);1;2;0;142.32;142.32;142.32
C3M42-439;Ts-1(FV);2;1;40.7;125.47;30.56;148.51
C3M42-502;Ts-1(FV);1;2;0;133.15;133.15;133.15
C3M42-502;Ts-1(FV);2;1;16.9;122.04;115.2;130.01
C3M42-502;Ts-1(FV);3;2;41.5;131.93;104.1;137.24
C3M42-12;Tur-4(FV);1;2;0;131.53;131.53;131.53
C3M42-12;Tur-4(FV);2;1;19.8;119.74;110.74;129.99
C3M42-12;Tur-4(FV);3;2;41.5;132.75;107.2;137.4
C3M42-84;Tur-4(FV);1;2;0;148.81;148.81;148.81
C3M42-84;Tur-4(FV);2;1;21.8;114.48;67.62;141.25
C3M42-84;Tur-4(FV);3;2;41.5;116.42;52.63;137.45
C3M42-107;Tur-4(FV);1;2;0;158.76;158.76;158.76
C3M42-107;Tur-4(FV);2;1;27.8;122.48;109.67;152.06
C3M42-168;Tur-4(FV);1;2;0;155.05;155.05;155.05
C3M42-168;Tur-4(FV);2;1;19.8;122.64;113;147.41
C3M42-168;Tur-4(FV);3;2;44.4;132.55;114.63;137.32
C3M42-258;Tur-4(FV);1;2;0;148.62;148.62;148.62
C3M42-258;Tur-4(FV);2;1;19.7;122.79;114.22;143.86
C3M42-258;Tur-4(FV);3;2;45.5;133.14;114.91;137.33
C3M42-279;Tur-4(FV);1;2;0;141.28;141.28;141.28
C3M42-279;Tur-4(FV);2;1;26.7;113.11;68.38;136.48
C3M42-279;Tur-4(FV);3;2;35.9;113.12;66.02;137.22
C3M42-281;Tur-4(FV);1;2;0;138.88;138.88;138.88
C3M42-281;Tur-4(FV);2;1;27.8;120.26;81.49;134.37
C3M42-306;Tur-4(FV);1;2;0;140.66;140.66;140.66
C3M42-306;Tur-4(FV);2;1;20.7;121.96;114.23;136.07
C3M42-306;Tur-4(FV);3;2;42.5;133.97;116.98;137.26
C3M42-402;Tur-4(FV);1;2;0;145.85;145.85;145.85
C3M42-402;Tur-4(FV);2;1;40.7;123.53;53.65;149.94
C3M42-426;Tur-4(FV);1;2;0;138.99;138.99;138.99
C3M42-426;Tur-4(FV);2;1;27.8;123.63;70.47;152.22
C3M42-426;Tur-4(FV);3;2;35.4;114.74;67.31;138.13
C3M42-434;Tur-4(FV);1;2;0;141.22;141.22;141.22
C3M42-434;Tur-4(FV);2;1;20.7;124.22;114.99;140.01
C3M42-434;Tur-4(FV);3;2;44.5;134.07;114.68;137.31
C3M42-448;Tur-4(FV);1;2;0;135.21;135.21;135.21
C3M42-448;Tur-4(FV);2;1;40.7;119.92;55.33;137.52
C3M42-455;Tur-4(FV);1;2;0;140.15;140.15;140.15
C3M42-455;Tur-4(FV);2;1;27.8;115.91;70.49;135.27
C3M42-455;Tur-4(FV);3;2;37.4;118.41;65.83;137.36
C3M42-460;Tur-4(FV);1;2;0;138.5;138.5;138.5
C3M42-460;Tur-4(FV);2;1;65.6;113.41;3.28;140.29
C3M42-492;Tur-4(FV);1;2;0;138.86;138.86;138.86
C3M42-492;Tur-4(FV);2;1;65.6;117.59;47.64;134.39
C3M42-498;Tur-4(FV);1;2;0;133.06;133.06;133.06
C3M42-498;Tur-4(FV);2;1;19.8;126.92;116;149.54
C3M42-498;Tur-4(FV);3;2;43.5;134.13;118.89;137.24
C3M42-134;Utrecht(FV);1;2;0;149.97;149.97;149.97
C3M42-134;Utrecht(FV);2;1;20.7;113.99;68.81;144.03
C3M42-134;Utrecht(FV);3;2;43.5;115.05;66.21;137.43
C3M42-151;Utrecht(FV);1;2;0;144.82;144.82;144.82
C3M42-151;Utrecht(FV);2;1;14.9;122.85;113.44;139.38
C3M42-151;Utrecht(FV);3;2;48.4;133.11;104.24;137.37
C3M42-152;Utrecht(FV);1;2;0;147.69;147.69;147.69
C3M42-152;Utrecht(FV);2;1;20.8;113.59;68.97;141.71
C3M42-152;Utrecht(FV);3;2;37.5;110.48;66.81;137.33
C3M42-153;Utrecht(FV);1;2;0;144.53;144.53;144.53
C3M42-153;Utrecht(FV);2;1;14.9;122.59;113.61;138.05
C3M42-153;Utrecht(FV);3;2;49.4;125.82;88.77;137.35
C3M42-214;Utrecht(FV);1;2;0;147.04;147.04;147.04
C3M42-214;Utrecht(FV);2;1;14.9;121.75;111.76;139.5
C3M42-214;Utrecht(FV);3;2;43.4;127.4;88.12;137.43
C3M42-230;Utrecht(FV);1;2;0;145.58;145.58;145.58
C3M42-230;Utrecht(FV);2;1;21.7;115.89;72.43;140.47
C3M42-230;Utrecht(FV);3;2;32.8;109.37;54.05;137.32
C3M42-235;Utrecht(FV);1;2;0;151.41;151.41;151.41
C3M42-235;Utrecht(FV);2;1;14.9;123.92;111.1;146.52
C3M42-235;Utrecht(FV);3;2;43.4;125.53;83.29;137.36
C3M42-267;Utrecht(FV);1;2;0;134.82;134.82;134.82
C3M42-267;Utrecht(FV);2;1;20.7;112.47;68.99;130
C3M42-267;Utrecht(FV);3;2;44.5;108.81;66.07;137.28
C3M42-282;Utrecht(FV);1;2;0;141.36;141.36;141.36
C3M42-282;Utrecht(FV);2;1;14.7;122.04;113.26;136.36
C3M42-282;Utrecht(FV);3;2;50.5;122.87;70.96;137.33
C3M42-326;Utrecht(FV);1;2;0;136.12;136.12;136.12
C3M42-326;Utrecht(FV);2;1;20.7;115.15;71.59;135.01
C3M42-326;Utrecht(FV);3;2;44.5;109.83;48.04;137.25
C3M42-345;Utrecht(FV);1;2;0;129.54;129.54;129.54
C3M42-345;Utrecht(FV);2;1;14.8;121.48;114.58;130.01
C3M42-345;Utrecht(FV);3;2;48.5;131.6;95.37;137.27
C3M42-347;Utrecht(FV);1;2;0;137.48;137.48;137.48
C3M42-347;Utrecht(FV);2;1;14.9;122.08;114.08;131.95
C3M42-347;Utrecht(FV);3;2;50.4;123.11;71.35;137.25
C3M42-366;Utrecht(FV);1;2;0;139.38;139.38;139.38
C3M42-366;Utrecht(FV);2;1;21.7;115.69;69.45;140.81
C3M42-366;Utrecht(FV);3;2;36.5;101.72;54.24;137.28
C3M42-367;Utrecht(FV);1;2;0;140.24;140.24;140.24
C3M42-367;Utrecht(FV);2;1;21.8;114.99;68.77;141.72
C3M42-367;Utrecht(FV);3;2;36.5;107.95;54.67;137.29
C3M42-390;Utrecht(FV);1;2;0;139.11;139.11;139.11
C3M42-390;Utrecht(FV);2;1;14.8;130.56;117.43;142.08
C3M42-390;Utrecht(FV);3;2;43.5;124.96;73.95;137.16
C3M42-423;Utrecht(FV);1;2;0;144.3;144.3;144.3
C3M42-423;Utrecht(FV);2;1;21.7;117.81;69.56;144.03
C3M42-423;Utrecht(FV);3;2;36.5;108.93;56.08;137.27
C3M42-469;Utrecht(FV);1;2;0;136.99;136.99;136.99
C3M42-469;Utrecht(FV);2;1;15.7;122.22;114.83;131.14
C3M42-469;Utrecht(FV);3;2;49.5;121.86;65.28;137.31
C3M42-495;Utrecht(FV);1;2;0;132.85;132.85;132.85
C3M42-495;Utrecht(FV);2;1;20.7;114.13;71.64;130.01
C3M42-495;Utrecht(FV);3;2;44.5;114.89;66.89;137.32
C3M42-2;Vinslov(FV);1;2;0;147.8;147.8;147.8
C3M42-2;Vinslov(FV);2;1;26.7;110.98;65.81;138.25
C3M42-2;Vinslov(FV);3;2;36.9;113.5;63.7;137.61
C3M42-28;Vinslov(FV);1;2;0;145.61;145.61;145.61
C3M42-28;Vinslov(FV);2;1;19.7;120.99;110.77;136.01
C3M42-28;Vinslov(FV);3;2;44.5;129.97;99.03;137.36
C3M42-64;Vinslov(FV);1;2;0;147.41;147.41;147.41
C3M42-64;Vinslov(FV);2;1;26.7;111.87;67.86;138.33
C3M42-64;Vinslov(FV);3;2;33.9;113.61;65.57;137.31
C3M42-92;Vinslov(FV);1;2;0;157.54;157.54;157.54
C3M42-92;Vinslov(FV);2;1;26.8;113.76;67.55;150.43
C3M42-92;Vinslov(FV);3;2;33.9;113.69;64.77;137.47
C3M42-162;Vinslov(FV);1;2;0;150.11;150.11;150.11
C3M42-162;Vinslov(FV);2;1;16.9;122.97;113.43;144.26
C3M42-162;Vinslov(FV);3;2;37.8;132.52;114.2;137.35
C3M42-183;Vinslov(FV);1;2;0;147.03;147.03;147.03
C3M42-183;Vinslov(FV);2;1;19.7;122.64;114.29;141.85
C3M42-183;Vinslov(FV);3;2;41.8;133.34;112.11;137.42
C3M42-187;Vinslov(FV);1;2;0;150;150;150
C3M42-187;Vinslov(FV);2;1;26.8;113.69;68.22;144.33
C3M42-187;Vinslov(FV);3;2;36.8;113.64;67.05;137.32
C3M42-197;Vinslov(FV);1;2;0;150.07;150.07;150.07
C3M42-197;Vinslov(FV);2;1;19.7;123.15;114.36;146.02
C3M42-197;Vinslov(FV);3;2;43.5;133.13;112.61;137.38
C3M42-218;Vinslov(FV);1;2;0;143.85;143.85;143.85
C3M42-218;Vinslov(FV);2;1;19.7;121.23;113.25;135.94
C3M42-218;Vinslov(FV);3;2;45.5;132.95;112.92;137.35
C3M42-225;Vinslov(FV);1;2;0;144.68;144.68;144.68
C3M42-225;Vinslov(FV);2;1;19.8;120.86;111.75;137.77
C3M42-225;Vinslov(FV);3;2;42.5;131.1;108.09;137.31
C3M42-280;Vinslov(FV);1;2;0;131.85;131.85;131.85
C3M42-280;Vinslov(FV);2;1;26.7;111.91;68.35;129.99
C3M42-280;Vinslov(FV);3;2;34.9;114.25;64.6;137.29
C3M42-322;Vinslov(FV);1;2;0;138.45;138.45;138.45
C3M42-322;Vinslov(FV);2;1;22.7;113.8;68.68;133.66
C3M42-322;Vinslov(FV);3;2;32.6;109.59;66.66;137.24
C3M42-354;Vinslov(FV);1;2;0;133.64;133.64;133.64
C3M42-354;Vinslov(FV);2;1;16.9;122.43;114.32;130.88
C3M42-354;Vinslov(FV);3;2;38.5;132.02;108.95;137.36
C3M42-405;Vinslov(FV);1;2;0;139.4;139.4;139.4
C3M42-405;Vinslov(FV);2;1;65.6;119.16;54.08;138.56
C3M42-409;Vinslov(FV);1;2;0;141;141;141
C3M42-409;Vinslov(FV);2;1;19.7;124.62;114.58;171.97
C3M42-409;Vinslov(FV);3;2;45.5;133.71;114.57;137.26
C3M42-494;Vinslov(FV);1;2;0;133.97;133.97;133.97
C3M42-494;Vinslov(FV);2;1;26.8;113.22;68.21;129.99
C3M42-494;Vinslov(FV);3;2;35;114.78;66.82;137.91
