"","Genotype","treatment","survival_frequency","Group","used","name","CS_number","country","latitude","longitude","altitude","group","DroughtIndex","Lifespan","Fruitnumber","RGR","rosetteDM","Growthrate","ScalingExponent","BTDAY","LDMC","LNC","SLA","StrucRes","Leaf_Area_mm2","Trichomes","SeedProd","LMR","Plant_Area_cm2","LLS","LN","TR","PN","ER","SLArosette","LDMCrosette","LT","GR","FITC","VD","LMA","Amass","Narea","AmassPlant","RER","AnnualMeanTemp","MeanTempDiurnalRange","Iso.thermality","TempSeasonality","MaxTempWarmestMonth","MinTempColdestMonth","TempAnnualRange","MeanTempWettestQuarter","MeanTempDriestQuarter","MeanTempWarmestQuarter","MeanTempColdestQuarter","AnnualPrecipitation","PrecipitationWettestMonth","PrecipitationDriestMonth","PrecipitationSeasonality","PrecipitationWettestQuarter","PrecipitationDriestQuarter","PrecipitationWarmestQuarter","PrecipitationColdestQuarter","AI","PET","P50","LeafArea_mm2","SLA_m2.kg","LDMC_mg.g","RWC"
"1","6009","WD-HT",0.95,"north","yes","Eden-1","CS76826","SWE",62.877,18.177,90,"north_sweden",NA,90.5,99,93.70578534,1190.025,13.14944751,0.589652045,98.62910899,186.1783616,0.883333333,22.27498777,0.060065204,0.585836328,26.75,NA,NA,42.3522,31,76,2.955325336,6.525974,1.624664016,16.19328791,0.196296957,3.441340782,0.100329471,NA,5.888437029,96.08938547,67.91565965,0.084878957,NA,0.08022975,3.1,8.2,2.4,861,20.3,-12.9,33.2,13.2,-3.5,14.4,-7.9,660,75,38,24,210,117,188,148,1.2596,0.052,-2.275,147.2394726,47.8311317847955,77.2737735945572,88.2116975359822
"2","6009","WW-LT",0.9,"north","yes","Eden-1","CS76826","SWE",62.877,18.177,90,"north_sweden",NA,90.5,99,93.70578534,1190.025,13.14944751,0.589652045,98.62910899,186.1783616,0.883333333,22.27498777,0.060065204,0.585836328,26.75,NA,NA,42.3522,31,76,2.955325336,6.525974,1.624664016,16.19328791,0.196296957,3.441340782,0.100329471,NA,5.888437029,96.08938547,67.91565965,0.084878957,NA,0.08022975,3.1,8.2,2.4,861,20.3,-12.9,33.2,13.2,-3.5,14.4,-7.9,660,75,38,24,210,117,188,148,1.2596,0.052,-2.275,147.2394726,47.8311317847955,77.2737735945572,88.2116975359822
"3","6009","WW-HT",1,"north","yes","Eden-1","CS76826","SWE",62.877,18.177,90,"north_sweden",NA,90.5,99,93.70578534,1190.025,13.14944751,0.589652045,98.62910899,186.1783616,0.883333333,22.27498777,0.060065204,0.585836328,26.75,NA,NA,42.3522,31,76,2.955325336,6.525974,1.624664016,16.19328791,0.196296957,3.441340782,0.100329471,NA,5.888437029,96.08938547,67.91565965,0.084878957,NA,0.08022975,3.1,8.2,2.4,861,20.3,-12.9,33.2,13.2,-3.5,14.4,-7.9,660,75,38,24,210,117,188,148,1.2596,0.052,-2.275,147.2394726,47.8311317847955,77.2737735945572,88.2116975359822
"4","6009","WW-CT",1,"north","yes","Eden-1","CS76826","SWE",62.877,18.177,90,"north_sweden",NA,90.5,99,93.70578534,1190.025,13.14944751,0.589652045,98.62910899,186.1783616,0.883333333,22.27498777,0.060065204,0.585836328,26.75,NA,NA,42.3522,31,76,2.955325336,6.525974,1.624664016,16.19328791,0.196296957,3.441340782,0.100329471,NA,5.888437029,96.08938547,67.91565965,0.084878957,NA,0.08022975,3.1,8.2,2.4,861,20.3,-12.9,33.2,13.2,-3.5,14.4,-7.9,660,75,38,24,210,117,188,148,1.2596,0.052,-2.275,147.2394726,47.8311317847955,77.2737735945572,88.2116975359822
"5","6009","WD-LT",0.789473684210526,"north","yes","Eden-1","CS76826","SWE",62.877,18.177,90,"north_sweden",NA,90.5,99,93.70578534,1190.025,13.14944751,0.589652045,98.62910899,186.1783616,0.883333333,22.27498777,0.060065204,0.585836328,26.75,NA,NA,42.3522,31,76,2.955325336,6.525974,1.624664016,16.19328791,0.196296957,3.441340782,0.100329471,NA,5.888437029,96.08938547,67.91565965,0.084878957,NA,0.08022975,3.1,8.2,2.4,861,20.3,-12.9,33.2,13.2,-3.5,14.4,-7.9,660,75,38,24,210,117,188,148,1.2596,0.052,-2.275,147.2394726,47.8311317847955,77.2737735945572,88.2116975359822
"6","6074","WD-LT",0.789473684210526,"north","yes","Ör-1","CS77150","SWE",56.4573,16.1308,2,"south_sweden",-0.000262771,93.5,57,149.6812424,1705.865,18.24454545,0.546867621,102.75,194.1504003,0.86,24.41370964,0.062607914,0.518474547,23.25,NA,36.888,63.030725,33,55,2.349016657,4.823726667,1.830392554,31.96134838,0.125760668,4.323774283,0.05726894,NA,7.188088801,33.11748381,145.6549868,0.028481036,23.10181937,0.110511024,7.7,6.3,2.5,651.7,21.3,-3.1,24.4,15.7,2.1,16.3,-0.3,520,61,31,22,169,93,154,117,0.8781,0.0591,NA,172.8359395,43.757857543793,87.0114545275007,79.7152902206505
"7","6074","WW-LT",0.9,"north","yes","Ör-1","CS77150","SWE",56.4573,16.1308,2,"south_sweden",-0.000262771,93.5,57,149.6812424,1705.865,18.24454545,0.546867621,102.75,194.1504003,0.86,24.41370964,0.062607914,0.518474547,23.25,NA,36.888,63.030725,33,55,2.349016657,4.823726667,1.830392554,31.96134838,0.125760668,4.323774283,0.05726894,NA,7.188088801,33.11748381,145.6549868,0.028481036,23.10181937,0.110511024,7.7,6.3,2.5,651.7,21.3,-3.1,24.4,15.7,2.1,16.3,-0.3,520,61,31,22,169,93,154,117,0.8781,0.0591,NA,172.8359395,43.757857543793,87.0114545275007,79.7152902206505
"8","6074","WW-HT",1,"north","yes","Ör-1","CS77150","SWE",56.4573,16.1308,2,"south_sweden",-0.000262771,93.5,57,149.6812424,1705.865,18.24454545,0.546867621,102.75,194.1504003,0.86,24.41370964,0.062607914,0.518474547,23.25,NA,36.888,63.030725,33,55,2.349016657,4.823726667,1.830392554,31.96134838,0.125760668,4.323774283,0.05726894,NA,7.188088801,33.11748381,145.6549868,0.028481036,23.10181937,0.110511024,7.7,6.3,2.5,651.7,21.3,-3.1,24.4,15.7,2.1,16.3,-0.3,520,61,31,22,169,93,154,117,0.8781,0.0591,NA,172.8359395,43.757857543793,87.0114545275007,79.7152902206505
"9","6074","WW-CT",1,"north","yes","Ör-1","CS77150","SWE",56.4573,16.1308,2,"south_sweden",-0.000262771,93.5,57,149.6812424,1705.865,18.24454545,0.546867621,102.75,194.1504003,0.86,24.41370964,0.062607914,0.518474547,23.25,NA,36.888,63.030725,33,55,2.349016657,4.823726667,1.830392554,31.96134838,0.125760668,4.323774283,0.05726894,NA,7.188088801,33.11748381,145.6549868,0.028481036,23.10181937,0.110511024,7.7,6.3,2.5,651.7,21.3,-3.1,24.4,15.7,2.1,16.3,-0.3,520,61,31,22,169,93,154,117,0.8781,0.0591,NA,172.8359395,43.757857543793,87.0114545275007,79.7152902206505
"10","6074","WD-HT",0.9,"north","yes","Ör-1","CS77150","SWE",56.4573,16.1308,2,"south_sweden",-0.000262771,93.5,57,149.6812424,1705.865,18.24454545,0.546867621,102.75,194.1504003,0.86,24.41370964,0.062607914,0.518474547,23.25,NA,36.888,63.030725,33,55,2.349016657,4.823726667,1.830392554,31.96134838,0.125760668,4.323774283,0.05726894,NA,7.188088801,33.11748381,145.6549868,0.028481036,23.10181937,0.110511024,7.7,6.3,2.5,651.7,21.3,-3.1,24.4,15.7,2.1,16.3,-0.3,520,61,31,22,169,93,154,117,0.8781,0.0591,NA,172.8359395,43.757857543793,87.0114545275007,79.7152902206505
"11","6177","WW-CT",1,"north","yes","TÄL 03","CS77338","SWE",62.6322,17.69,137,"north_sweden",0.000490232,64,45.5,115.7140464,940.105,14.68914063,0.617660853,97.77196613,169.5634845,2.1025,35.81601565,0.048081426,0.566629634,20.42139079,NA,36.555,62.16556667,NA,NA,NA,NA,NA,NA,NA,NA,NA,NA,NA,NA,NA,NA,NA,NA,2.9,8.4,2.5,834.9,19.7,-12.9,32.6,12.6,-3.4,13.8,-7.8,682,77,40,23,219,125,193,152,1.3115,0.052,NA,192.46786915,42.4757953920491,94.3684450524397,93.6292839158661
"12","6177","WW-LT",1,"north","yes","TÄL 03","CS77338","SWE",62.6322,17.69,137,"north_sweden",0.000490232,64,45.5,115.7140464,940.105,14.68914063,0.617660853,97.77196613,169.5634845,2.1025,35.81601565,0.048081426,0.566629634,20.42139079,NA,36.555,62.16556667,NA,NA,NA,NA,NA,NA,NA,NA,NA,NA,NA,NA,NA,NA,NA,NA,2.9,8.4,2.5,834.9,19.7,-12.9,32.6,12.6,-3.4,13.8,-7.8,682,77,40,23,219,125,193,152,1.3115,0.052,NA,192.46786915,42.4757953920491,94.3684450524397,93.6292839158661
"13","6177","WW-HT",1,"north","yes","TÄL 03","CS77338","SWE",62.6322,17.69,137,"north_sweden",0.000490232,64,45.5,115.7140464,940.105,14.68914063,0.617660853,97.77196613,169.5634845,2.1025,35.81601565,0.048081426,0.566629634,20.42139079,NA,36.555,62.16556667,NA,NA,NA,NA,NA,NA,NA,NA,NA,NA,NA,NA,NA,NA,NA,NA,2.9,8.4,2.5,834.9,19.7,-12.9,32.6,12.6,-3.4,13.8,-7.8,682,77,40,23,219,125,193,152,1.3115,0.052,NA,192.46786915,42.4757953920491,94.3684450524397,93.6292839158661
"14","6177","WD-LT",0.75,"north","yes","TÄL 03","CS77338","SWE",62.6322,17.69,137,"north_sweden",0.000490232,64,45.5,115.7140464,940.105,14.68914063,0.617660853,97.77196613,169.5634845,2.1025,35.81601565,0.048081426,0.566629634,20.42139079,NA,36.555,62.16556667,NA,NA,NA,NA,NA,NA,NA,NA,NA,NA,NA,NA,NA,NA,NA,NA,2.9,8.4,2.5,834.9,19.7,-12.9,32.6,12.6,-3.4,13.8,-7.8,682,77,40,23,219,125,193,152,1.3115,0.052,NA,192.46786915,42.4757953920491,94.3684450524397,93.6292839158661
"15","6177","WD-HT",0.9,"north","yes","TÄL 03","CS77338","SWE",62.6322,17.69,137,"north_sweden",0.000490232,64,45.5,115.7140464,940.105,14.68914063,0.617660853,97.77196613,169.5634845,2.1025,35.81601565,0.048081426,0.566629634,20.42139079,NA,36.555,62.16556667,NA,NA,NA,NA,NA,NA,NA,NA,NA,NA,NA,NA,NA,NA,NA,NA,2.9,8.4,2.5,834.9,19.7,-12.9,32.6,12.6,-3.4,13.8,-7.8,682,77,40,23,219,125,193,152,1.3115,0.052,NA,192.46786915,42.4757953920491,94.3684450524397,93.6292839158661
"16","6184","WW-HT",1,"north","yes","TBÖ 01","CS77343","SWE",62.8892,18.4522,21,"north_sweden",0.000107075,76,54,92.39410056,961.81,12.65539474,0.614948898,100.0576804,246.6396979,1.465,22.04687654,0.07145992,0.544402396,29.125,-2.439660149,34.229,58.9839,NA,NA,NA,NA,NA,NA,NA,NA,NA,NA,NA,NA,NA,NA,NA,NA,3.4,8.2,2.4,865.8,20.7,-12.6,33.3,13.6,-3.2,14.8,-7.6,635,73,37,25,202,112,180,143,1.2011,0.0527,-2.125,145.58682105,41.2588734397076,84.3989203364203,88.5452391340621
"17","6184","WD-HT",0.75,"north","yes","TBÖ 01","CS77343","SWE",62.8892,18.4522,21,"north_sweden",0.000107075,76,54,92.39410056,961.81,12.65539474,0.614948898,100.0576804,246.6396979,1.465,22.04687654,0.07145992,0.544402396,29.125,-2.439660149,34.229,58.9839,NA,NA,NA,NA,NA,NA,NA,NA,NA,NA,NA,NA,NA,NA,NA,NA,3.4,8.2,2.4,865.8,20.7,-12.6,33.3,13.6,-3.2,14.8,-7.6,635,73,37,25,202,112,180,143,1.2011,0.0527,-2.125,145.58682105,41.2588734397076,84.3989203364203,88.5452391340621
"18","6184","WW-LT",1,"north","yes","TBÖ 01","CS77343","SWE",62.8892,18.4522,21,"north_sweden",0.000107075,76,54,92.39410056,961.81,12.65539474,0.614948898,100.0576804,246.6396979,1.465,22.04687654,0.07145992,0.544402396,29.125,-2.439660149,34.229,58.9839,NA,NA,NA,NA,NA,NA,NA,NA,NA,NA,NA,NA,NA,NA,NA,NA,3.4,8.2,2.4,865.8,20.7,-12.6,33.3,13.6,-3.2,14.8,-7.6,635,73,37,25,202,112,180,143,1.2011,0.0527,-2.125,145.58682105,41.2588734397076,84.3989203364203,88.5452391340621
"19","6184","WW-CT",1,"north","yes","TBÖ 01","CS77343","SWE",62.8892,18.4522,21,"north_sweden",0.000107075,76,54,92.39410056,961.81,12.65539474,0.614948898,100.0576804,246.6396979,1.465,22.04687654,0.07145992,0.544402396,29.125,-2.439660149,34.229,58.9839,NA,NA,NA,NA,NA,NA,NA,NA,NA,NA,NA,NA,NA,NA,NA,NA,3.4,8.2,2.4,865.8,20.7,-12.6,33.3,13.6,-3.2,14.8,-7.6,635,73,37,25,202,112,180,143,1.2011,0.0527,-2.125,145.58682105,41.2588734397076,84.3989203364203,88.5452391340621
"20","6184","WD-LT",0.7,"north","yes","TBÖ 01","CS77343","SWE",62.8892,18.4522,21,"north_sweden",0.000107075,76,54,92.39410056,961.81,12.65539474,0.614948898,100.0576804,246.6396979,1.465,22.04687654,0.07145992,0.544402396,29.125,-2.439660149,34.229,58.9839,NA,NA,NA,NA,NA,NA,NA,NA,NA,NA,NA,NA,NA,NA,NA,NA,3.4,8.2,2.4,865.8,20.7,-12.6,33.3,13.6,-3.2,14.8,-7.6,635,73,37,25,202,112,180,143,1.2011,0.0527,-2.125,145.58682105,41.2588734397076,84.3989203364203,88.5452391340621
"21","6209","WW-LT",0.85,"north","yes","TEDEN 02","CS77358","SWE",62.8836,18.1842,90,"north_sweden",0.000549565,87,122,82.18075397,984.725,11.31867816,0.612151381,106.3433947,283.3926058,1.396666667,19.88280367,0.054045714,0.458474547,26.42139079,10.35136766,36.729,36.52163333,NA,NA,NA,NA,NA,NA,NA,NA,NA,NA,NA,NA,NA,NA,NA,NA,3.1,8.2,2.4,861,20.3,-12.9,33.2,13.2,-3.5,14.4,-7.9,660,75,38,24,210,117,188,148,1.2243,0.0526,-1.91,211.2181467,44.9419831151471,92.3120341446819,90.7735753817343
"22","6209","WD-LT",0.75,"north","yes","TEDEN 02","CS77358","SWE",62.8836,18.1842,90,"north_sweden",0.000549565,87,122,82.18075397,984.725,11.31867816,0.612151381,106.3433947,283.3926058,1.396666667,19.88280367,0.054045714,0.458474547,26.42139079,10.35136766,36.729,36.52163333,NA,NA,NA,NA,NA,NA,NA,NA,NA,NA,NA,NA,NA,NA,NA,NA,3.1,8.2,2.4,861,20.3,-12.9,33.2,13.2,-3.5,14.4,-7.9,660,75,38,24,210,117,188,148,1.2243,0.0526,-1.91,211.2181467,44.9419831151471,92.3120341446819,90.7735753817343
"23","6209","WD-HT",0.842105263157895,"north","yes","TEDEN 02","CS77358","SWE",62.8836,18.1842,90,"north_sweden",0.000549565,87,122,82.18075397,984.725,11.31867816,0.612151381,106.3433947,283.3926058,1.396666667,19.88280367,0.054045714,0.458474547,26.42139079,10.35136766,36.729,36.52163333,NA,NA,NA,NA,NA,NA,NA,NA,NA,NA,NA,NA,NA,NA,NA,NA,3.1,8.2,2.4,861,20.3,-12.9,33.2,13.2,-3.5,14.4,-7.9,660,75,38,24,210,117,188,148,1.2243,0.0526,-1.91,211.2181467,44.9419831151471,92.3120341446819,90.7735753817343
"24","6209","WW-HT",1,"north","yes","TEDEN 02","CS77358","SWE",62.8836,18.1842,90,"north_sweden",0.000549565,87,122,82.18075397,984.725,11.31867816,0.612151381,106.3433947,283.3926058,1.396666667,19.88280367,0.054045714,0.458474547,26.42139079,10.35136766,36.729,36.52163333,NA,NA,NA,NA,NA,NA,NA,NA,NA,NA,NA,NA,NA,NA,NA,NA,3.1,8.2,2.4,861,20.3,-12.9,33.2,13.2,-3.5,14.4,-7.9,660,75,38,24,210,117,188,148,1.2243,0.0526,-1.91,211.2181467,44.9419831151471,92.3120341446819,90.7735753817343
"25","6209","WW-CT",1,"north","yes","TEDEN 02","CS77358","SWE",62.8836,18.1842,90,"north_sweden",0.000549565,87,122,82.18075397,984.725,11.31867816,0.612151381,106.3433947,283.3926058,1.396666667,19.88280367,0.054045714,0.458474547,26.42139079,10.35136766,36.729,36.52163333,NA,NA,NA,NA,NA,NA,NA,NA,NA,NA,NA,NA,NA,NA,NA,NA,3.1,8.2,2.4,861,20.3,-12.9,33.2,13.2,-3.5,14.4,-7.9,660,75,38,24,210,117,188,148,1.2243,0.0526,-1.91,211.2181467,44.9419831151471,92.3120341446819,90.7735753817343
"26","6244","WW-CT",1,"north","yes","TRÄ 01","CS77384","SWE",62.9169,18.4728,65,"north_sweden",4.5e-05,76,115,97.25049079,815.11,10.72513158,0.634611765,78.75,243.8037423,1.42,23.21764286,0.081823681,0.514880373,9.75,NA,NA,77.40231725,NA,NA,NA,NA,NA,NA,NA,NA,NA,NA,NA,NA,NA,NA,NA,NA,3.2,8.3,2.4,868.4,20.5,-12.9,33.4,13.3,-3.5,14.6,-7.9,643,74,37,25,206,114,184,144,1.2729,0.0513,-1.81,176.3197146,44.5820856899054,85.3697764121035,91.8905354484413
"27","6244","WD-LT",0.75,"north","yes","TRÄ 01","CS77384","SWE",62.9169,18.4728,65,"north_sweden",4.5e-05,76,115,97.25049079,815.11,10.72513158,0.634611765,78.75,243.8037423,1.42,23.21764286,0.081823681,0.514880373,9.75,NA,NA,77.40231725,NA,NA,NA,NA,NA,NA,NA,NA,NA,NA,NA,NA,NA,NA,NA,NA,3.2,8.3,2.4,868.4,20.5,-12.9,33.4,13.3,-3.5,14.6,-7.9,643,74,37,25,206,114,184,144,1.2729,0.0513,-1.81,176.3197146,44.5820856899054,85.3697764121035,91.8905354484413
"28","6244","WW-LT",0.95,"north","yes","TRÄ 01","CS77384","SWE",62.9169,18.4728,65,"north_sweden",4.5e-05,76,115,97.25049079,815.11,10.72513158,0.634611765,78.75,243.8037423,1.42,23.21764286,0.081823681,0.514880373,9.75,NA,NA,77.40231725,NA,NA,NA,NA,NA,NA,NA,NA,NA,NA,NA,NA,NA,NA,NA,NA,3.2,8.3,2.4,868.4,20.5,-12.9,33.4,13.3,-3.5,14.6,-7.9,643,74,37,25,206,114,184,144,1.2729,0.0513,-1.81,176.3197146,44.5820856899054,85.3697764121035,91.8905354484413
"29","6244","WW-HT",1,"north","yes","TRÄ 01","CS77384","SWE",62.9169,18.4728,65,"north_sweden",4.5e-05,76,115,97.25049079,815.11,10.72513158,0.634611765,78.75,243.8037423,1.42,23.21764286,0.081823681,0.514880373,9.75,NA,NA,77.40231725,NA,NA,NA,NA,NA,NA,NA,NA,NA,NA,NA,NA,NA,NA,NA,NA,3.2,8.3,2.4,868.4,20.5,-12.9,33.4,13.3,-3.5,14.6,-7.9,643,74,37,25,206,114,184,144,1.2729,0.0513,-1.81,176.3197146,44.5820856899054,85.3697764121035,91.8905354484413
"30","6244","WD-HT",0.8,"north","yes","TRÄ 01","CS77384","SWE",62.9169,18.4728,65,"north_sweden",4.5e-05,76,115,97.25049079,815.11,10.72513158,0.634611765,78.75,243.8037423,1.42,23.21764286,0.081823681,0.514880373,9.75,NA,NA,77.40231725,NA,NA,NA,NA,NA,NA,NA,NA,NA,NA,NA,NA,NA,NA,NA,NA,3.2,8.3,2.4,868.4,20.5,-12.9,33.4,13.3,-3.5,14.6,-7.9,643,74,37,25,206,114,184,144,1.2729,0.0513,-1.81,176.3197146,44.5820856899054,85.3697764121035,91.8905354484413
"31","6897","WW-HT",1,"centre","yes","Ag-0","CS76430","FRA",45,1.3,NA,"western_europe",NA,NA,NA,NA,NA,NA,NA,63.625,140.1395106,2.7175,33.96030337,0.048702789,0.645974547,3.125,37.13392026,40.431,74.22403433,29,84,6.182342962,NA,2.05273804,19.4662795,0.193648279,NA,0.105450969,1809.165822,4.785025,70.05563986,NA,0.190376201,NA,0.100993399,11.8,10.6,4.1,548.5,26,0.3,25.7,5.6,8.3,18.8,4.7,883,91,56,12,246,200,207,236,NA,NA,-2.25,158.11556165,35.4804811234145,120.364145658264,92.39512516851
"32","6897","WW-CT",1,"centre","yes","Ag-0","CS76430","FRA",45,1.3,NA,"western_europe",NA,NA,NA,NA,NA,NA,NA,63.625,140.1395106,2.7175,33.96030337,0.048702789,0.645974547,3.125,37.13392026,40.431,74.22403433,29,84,6.182342962,NA,2.05273804,19.4662795,0.193648279,NA,0.105450969,1809.165822,4.785025,70.05563986,NA,0.190376201,NA,0.100993399,11.8,10.6,4.1,548.5,26,0.3,25.7,5.6,8.3,18.8,4.7,883,91,56,12,246,200,207,236,NA,NA,-2.25,158.11556165,35.4804811234145,120.364145658264,92.39512516851
"33","6897","WD-HT",0.473684210526316,"centre","yes","Ag-0","CS76430","FRA",45,1.3,NA,"western_europe",NA,NA,NA,NA,NA,NA,NA,63.625,140.1395106,2.7175,33.96030337,0.048702789,0.645974547,3.125,37.13392026,40.431,74.22403433,29,84,6.182342962,NA,2.05273804,19.4662795,0.193648279,NA,0.105450969,1809.165822,4.785025,70.05563986,NA,0.190376201,NA,0.100993399,11.8,10.6,4.1,548.5,26,0.3,25.7,5.6,8.3,18.8,4.7,883,91,56,12,246,200,207,236,NA,NA,-2.25,158.11556165,35.4804811234145,120.364145658264,92.39512516851
"34","6897","WW-LT",0.8,"centre","yes","Ag-0","CS76430","FRA",45,1.3,NA,"western_europe",NA,NA,NA,NA,NA,NA,NA,63.625,140.1395106,2.7175,33.96030337,0.048702789,0.645974547,3.125,37.13392026,40.431,74.22403433,29,84,6.182342962,NA,2.05273804,19.4662795,0.193648279,NA,0.105450969,1809.165822,4.785025,70.05563986,NA,0.190376201,NA,0.100993399,11.8,10.6,4.1,548.5,26,0.3,25.7,5.6,8.3,18.8,4.7,883,91,56,12,246,200,207,236,NA,NA,-2.25,158.11556165,35.4804811234145,120.364145658264,92.39512516851
"35","6897","WD-LT",0.3,"centre","yes","Ag-0","CS76430","FRA",45,1.3,NA,"western_europe",NA,NA,NA,NA,NA,NA,NA,63.625,140.1395106,2.7175,33.96030337,0.048702789,0.645974547,3.125,37.13392026,40.431,74.22403433,29,84,6.182342962,NA,2.05273804,19.4662795,0.193648279,NA,0.105450969,1809.165822,4.785025,70.05563986,NA,0.190376201,NA,0.100993399,11.8,10.6,4.1,548.5,26,0.3,25.7,5.6,8.3,18.8,4.7,883,91,56,12,246,200,207,236,NA,NA,-2.25,158.11556165,35.4804811234145,120.364145658264,92.39512516851
"36","6898","WW-LT",0.789473684210526,"centre","yes","An-1","CS76435","BEL",51.2167,4.4,5,"admixed",-0.000297462,45.5,175,116.9720232,172.96,3.801318681,0.818803562,63.875,110.5853422,2.4625,47.63381083,0.048783814,0.678474547,15.5,76.92539156,36.99533333,64.643855,NA,10,0.525133328,NA,0.267065415,44.1509434,0.120255776,NA,0.006048918,3722.165822,4.924265621,NA,NA,NA,NA,0.201851944,10.1,7.4,3.3,548.6,22,0,22,7.2,6.1,17,3.1,779,77,49,12,217,166,199,188,1.0848,0.0719,-2.23,138.91910385,59.0226792909719,66.8824688770801,84.6234056051179
"37","6898","WW-HT",1,"centre","yes","An-1","CS76435","BEL",51.2167,4.4,5,"admixed",-0.000297462,45.5,175,116.9720232,172.96,3.801318681,0.818803562,63.875,110.5853422,2.4625,47.63381083,0.048783814,0.678474547,15.5,76.92539156,36.99533333,64.643855,NA,10,0.525133328,NA,0.267065415,44.1509434,0.120255776,NA,0.006048918,3722.165822,4.924265621,NA,NA,NA,NA,0.201851944,10.1,7.4,3.3,548.6,22,0,22,7.2,6.1,17,3.1,779,77,49,12,217,166,199,188,1.0848,0.0719,-2.23,138.91910385,59.0226792909719,66.8824688770801,84.6234056051179
"38","6898","WD-LT",0.4,"centre","yes","An-1","CS76435","BEL",51.2167,4.4,5,"admixed",-0.000297462,45.5,175,116.9720232,172.96,3.801318681,0.818803562,63.875,110.5853422,2.4625,47.63381083,0.048783814,0.678474547,15.5,76.92539156,36.99533333,64.643855,NA,10,0.525133328,NA,0.267065415,44.1509434,0.120255776,NA,0.006048918,3722.165822,4.924265621,NA,NA,NA,NA,0.201851944,10.1,7.4,3.3,548.6,22,0,22,7.2,6.1,17,3.1,779,77,49,12,217,166,199,188,1.0848,0.0719,-2.23,138.91910385,59.0226792909719,66.8824688770801,84.6234056051179
"39","6898","WD-HT",0.75,"centre","yes","An-1","CS76435","BEL",51.2167,4.4,5,"admixed",-0.000297462,45.5,175,116.9720232,172.96,3.801318681,0.818803562,63.875,110.5853422,2.4625,47.63381083,0.048783814,0.678474547,15.5,76.92539156,36.99533333,64.643855,NA,10,0.525133328,NA,0.267065415,44.1509434,0.120255776,NA,0.006048918,3722.165822,4.924265621,NA,NA,NA,NA,0.201851944,10.1,7.4,3.3,548.6,22,0,22,7.2,6.1,17,3.1,779,77,49,12,217,166,199,188,1.0848,0.0719,-2.23,138.91910385,59.0226792909719,66.8824688770801,84.6234056051179
"40","6898","WW-CT",1,"centre","yes","An-1","CS76435","BEL",51.2167,4.4,5,"admixed",-0.000297462,45.5,175,116.9720232,172.96,3.801318681,0.818803562,63.875,110.5853422,2.4625,47.63381083,0.048783814,0.678474547,15.5,76.92539156,36.99533333,64.643855,NA,10,0.525133328,NA,0.267065415,44.1509434,0.120255776,NA,0.006048918,3722.165822,4.924265621,NA,NA,NA,NA,0.201851944,10.1,7.4,3.3,548.6,22,0,22,7.2,6.1,17,3.1,779,77,49,12,217,166,199,188,1.0848,0.0719,-2.23,138.91910385,59.0226792909719,66.8824688770801,84.6234056051179
"41","6911","WW-LT",0.473684210526316,"south","yes","Cvi-0","CS76789","CPV",15.1111,-23.6167,270,"relict",-0.000890943,35,88.5,104.5193615,38.285,1.093857143,0.997974245,34.25,99.13550898,6.2025,72.00931539,0.02280596,0.444,15.625,42.04409857,45.865,5.712733333,26,17,3.977199967,11.46676,1.667347937,33.23625515,0.092920412,2.944654088,0.05016654,2701.333333,4.35855,29.47589099,389.0216586,0.182824214,288.4228338,0.09133404,22.4,7,6.3,145.4,27.8,16.7,11.1,24.3,21.5,24.3,20.6,357,145,0,151,306,0,306,5,0.2911,0.1264,NA,202.3516534,57.8873197694764,59.3883600871178,84.4144396452004
"42","6911","WW-CT",1,"south","yes","Cvi-0","CS76789","CPV",15.1111,-23.6167,270,"relict",-0.000890943,35,88.5,104.5193615,38.285,1.093857143,0.997974245,34.25,99.13550898,6.2025,72.00931539,0.02280596,0.444,15.625,42.04409857,45.865,5.712733333,26,17,3.977199967,11.46676,1.667347937,33.23625515,0.092920412,2.944654088,0.05016654,2701.333333,4.35855,29.47589099,389.0216586,0.182824214,288.4228338,0.09133404,22.4,7,6.3,145.4,27.8,16.7,11.1,24.3,21.5,24.3,20.6,357,145,0,151,306,0,306,5,0.2911,0.1264,NA,202.3516534,57.8873197694764,59.3883600871178,84.4144396452004
"43","6911","WD-LT",0.25,"south","yes","Cvi-0","CS76789","CPV",15.1111,-23.6167,270,"relict",-0.000890943,35,88.5,104.5193615,38.285,1.093857143,0.997974245,34.25,99.13550898,6.2025,72.00931539,0.02280596,0.444,15.625,42.04409857,45.865,5.712733333,26,17,3.977199967,11.46676,1.667347937,33.23625515,0.092920412,2.944654088,0.05016654,2701.333333,4.35855,29.47589099,389.0216586,0.182824214,288.4228338,0.09133404,22.4,7,6.3,145.4,27.8,16.7,11.1,24.3,21.5,24.3,20.6,357,145,0,151,306,0,306,5,0.2911,0.1264,NA,202.3516534,57.8873197694764,59.3883600871178,84.4144396452004
"44","6911","WD-HT",0.7,"south","yes","Cvi-0","CS76789","CPV",15.1111,-23.6167,270,"relict",-0.000890943,35,88.5,104.5193615,38.285,1.093857143,0.997974245,34.25,99.13550898,6.2025,72.00931539,0.02280596,0.444,15.625,42.04409857,45.865,5.712733333,26,17,3.977199967,11.46676,1.667347937,33.23625515,0.092920412,2.944654088,0.05016654,2701.333333,4.35855,29.47589099,389.0216586,0.182824214,288.4228338,0.09133404,22.4,7,6.3,145.4,27.8,16.7,11.1,24.3,21.5,24.3,20.6,357,145,0,151,306,0,306,5,0.2911,0.1264,NA,202.3516534,57.8873197694764,59.3883600871178,84.4144396452004
"45","6911","WW-HT",1,"south","yes","Cvi-0","CS76789","CPV",15.1111,-23.6167,270,"relict",-0.000890943,35,88.5,104.5193615,38.285,1.093857143,0.997974245,34.25,99.13550898,6.2025,72.00931539,0.02280596,0.444,15.625,42.04409857,45.865,5.712733333,26,17,3.977199967,11.46676,1.667347937,33.23625515,0.092920412,2.944654088,0.05016654,2701.333333,4.35855,29.47589099,389.0216586,0.182824214,288.4228338,0.09133404,22.4,7,6.3,145.4,27.8,16.7,11.1,24.3,21.5,24.3,20.6,357,145,0,151,306,0,306,5,0.2911,0.1264,NA,202.3516534,57.8873197694764,59.3883600871178,84.4144396452004
"46","6915","WW-HT",0.947368421052632,"centre","yes","Ei-2","CS76478","GER",50.3,6.3,513,"germany",-0.000343657,59.5,137,121.1897691,553.28,9.298823529,0.680647024,51.875,97.35901717,4.08,50.7344273,0.040859481,0.668213707,4.75,59.5165825,40.963,79.14545475,23.5,44,4.503937374,9.292603333,3.039983546,21.97148775,0.169996962,2.5234375,0.138360387,2562.389233,5.004126913,37.37980769,248.599549,0.152509615,161.9861182,0.158734473,7.4,6.8,3,567.8,19.3,-2.9,22.2,1,3.4,14.5,0.1,1022,113,67,14,297,219,276,282,1.6056,0.0639,-2.58,100.879563015,61.5035649077564,71.9200721153846,78.0767884532419
"47","6915","WW-CT",1,"centre","yes","Ei-2","CS76478","GER",50.3,6.3,513,"germany",-0.000343657,59.5,137,121.1897691,553.28,9.298823529,0.680647024,51.875,97.35901717,4.08,50.7344273,0.040859481,0.668213707,4.75,59.5165825,40.963,79.14545475,23.5,44,4.503937374,9.292603333,3.039983546,21.97148775,0.169996962,2.5234375,0.138360387,2562.389233,5.004126913,37.37980769,248.599549,0.152509615,161.9861182,0.158734473,7.4,6.8,3,567.8,19.3,-2.9,22.2,1,3.4,14.5,0.1,1022,113,67,14,297,219,276,282,1.6056,0.0639,-2.58,100.879563015,61.5035649077564,71.9200721153846,78.0767884532419
"48","6915","WD-LT",0.473684210526316,"centre","yes","Ei-2","CS76478","GER",50.3,6.3,513,"germany",-0.000343657,59.5,137,121.1897691,553.28,9.298823529,0.680647024,51.875,97.35901717,4.08,50.7344273,0.040859481,0.668213707,4.75,59.5165825,40.963,79.14545475,23.5,44,4.503937374,9.292603333,3.039983546,21.97148775,0.169996962,2.5234375,0.138360387,2562.389233,5.004126913,37.37980769,248.599549,0.152509615,161.9861182,0.158734473,7.4,6.8,3,567.8,19.3,-2.9,22.2,1,3.4,14.5,0.1,1022,113,67,14,297,219,276,282,1.6056,0.0639,-2.58,100.879563015,61.5035649077564,71.9200721153846,78.0767884532419
"49","6915","WD-HT",0.789473684210526,"centre","yes","Ei-2","CS76478","GER",50.3,6.3,513,"germany",-0.000343657,59.5,137,121.1897691,553.28,9.298823529,0.680647024,51.875,97.35901717,4.08,50.7344273,0.040859481,0.668213707,4.75,59.5165825,40.963,79.14545475,23.5,44,4.503937374,9.292603333,3.039983546,21.97148775,0.169996962,2.5234375,0.138360387,2562.389233,5.004126913,37.37980769,248.599549,0.152509615,161.9861182,0.158734473,7.4,6.8,3,567.8,19.3,-2.9,22.2,1,3.4,14.5,0.1,1022,113,67,14,297,219,276,282,1.6056,0.0639,-2.58,100.879563015,61.5035649077564,71.9200721153846,78.0767884532419
"50","6915","WW-LT",0.9,"centre","yes","Ei-2","CS76478","GER",50.3,6.3,513,"germany",-0.000343657,59.5,137,121.1897691,553.28,9.298823529,0.680647024,51.875,97.35901717,4.08,50.7344273,0.040859481,0.668213707,4.75,59.5165825,40.963,79.14545475,23.5,44,4.503937374,9.292603333,3.039983546,21.97148775,0.169996962,2.5234375,0.138360387,2562.389233,5.004126913,37.37980769,248.599549,0.152509615,161.9861182,0.158734473,7.4,6.8,3,567.8,19.3,-2.9,22.2,1,3.4,14.5,0.1,1022,113,67,14,297,219,276,282,1.6056,0.0639,-2.58,100.879563015,61.5035649077564,71.9200721153846,78.0767884532419
"51","6958","WD-HT",0.777777777777778,"centre","yes","Ra-0","CS76582","FRA",46,3.3,316,"western_europe",0.000249832,48.5,203,121.4635629,275.94,5.689484536,0.763303135,41.25,97.10735741,4.933333333,69.55829185,0.032591114,0.538474547,3.625,72.10406504,37.75433333,27.945075,32,35,5.491348751,6.313581867,2.382852666,20.1759371,0.159396192,2.577481365,0.118103692,3695.333334,3.833625,51.07885445,123.6046097,0.251989015,166.8984994,0.113362646,10.8,10.4,3.8,584.6,25.5,-1.2,26.7,16.5,4.5,18.3,3.2,682,84,38,28,219,119,215,126,0.747,0.0921,-2.65,117.30256457,66.3123438184419,61.5988986539104,82.0515484820903
"52","6958","WW-LT",0.7,"centre","yes","Ra-0","CS76582","FRA",46,3.3,316,"western_europe",0.000249832,48.5,203,121.4635629,275.94,5.689484536,0.763303135,41.25,97.10735741,4.933333333,69.55829185,0.032591114,0.538474547,3.625,72.10406504,37.75433333,27.945075,32,35,5.491348751,6.313581867,2.382852666,20.1759371,0.159396192,2.577481365,0.118103692,3695.333334,3.833625,51.07885445,123.6046097,0.251989015,166.8984994,0.113362646,10.8,10.4,3.8,584.6,25.5,-1.2,26.7,16.5,4.5,18.3,3.2,682,84,38,28,219,119,215,126,0.747,0.0921,-2.65,117.30256457,66.3123438184419,61.5988986539104,82.0515484820903
"53","6958","WW-HT",1,"centre","yes","Ra-0","CS76582","FRA",46,3.3,316,"western_europe",0.000249832,48.5,203,121.4635629,275.94,5.689484536,0.763303135,41.25,97.10735741,4.933333333,69.55829185,0.032591114,0.538474547,3.625,72.10406504,37.75433333,27.945075,32,35,5.491348751,6.313581867,2.382852666,20.1759371,0.159396192,2.577481365,0.118103692,3695.333334,3.833625,51.07885445,123.6046097,0.251989015,166.8984994,0.113362646,10.8,10.4,3.8,584.6,25.5,-1.2,26.7,16.5,4.5,18.3,3.2,682,84,38,28,219,119,215,126,0.747,0.0921,-2.65,117.30256457,66.3123438184419,61.5988986539104,82.0515484820903
"54","6958","WW-CT",1,"centre","yes","Ra-0","CS76582","FRA",46,3.3,316,"western_europe",0.000249832,48.5,203,121.4635629,275.94,5.689484536,0.763303135,41.25,97.10735741,4.933333333,69.55829185,0.032591114,0.538474547,3.625,72.10406504,37.75433333,27.945075,32,35,5.491348751,6.313581867,2.382852666,20.1759371,0.159396192,2.577481365,0.118103692,3695.333334,3.833625,51.07885445,123.6046097,0.251989015,166.8984994,0.113362646,10.8,10.4,3.8,584.6,25.5,-1.2,26.7,16.5,4.5,18.3,3.2,682,84,38,28,219,119,215,126,0.747,0.0921,-2.65,117.30256457,66.3123438184419,61.5988986539104,82.0515484820903
"55","6958","WD-LT",0.555555555555556,"centre","yes","Ra-0","CS76582","FRA",46,3.3,316,"western_europe",0.000249832,48.5,203,121.4635629,275.94,5.689484536,0.763303135,41.25,97.10735741,4.933333333,69.55829185,0.032591114,0.538474547,3.625,72.10406504,37.75433333,27.945075,32,35,5.491348751,6.313581867,2.382852666,20.1759371,0.159396192,2.577481365,0.118103692,3695.333334,3.833625,51.07885445,123.6046097,0.251989015,166.8984994,0.113362646,10.8,10.4,3.8,584.6,25.5,-1.2,26.7,16.5,4.5,18.3,3.2,682,84,38,28,219,119,215,126,0.747,0.0921,-2.65,117.30256457,66.3123438184419,61.5988986539104,82.0515484820903
"56","6959","WD-LT",0.55,"centre","yes","Rennes-1","CS77210","FRA",48.5,-1.41,89,"western_europe",NA,49,226.5,121.1592415,262.52,5.35755102,0.769226711,59.5,94.96760576,3.626666667,45.6471296,0.064193281,0.694880373,7.875,86.79275844,51.8315,99.77186833,27,45,5.409859259,8.972265,2.435982725,25.29491587,0.125403443,2.880410531,0.096303255,3904.9436,4.793575,42.07942883,213.2221195,0.152608062,237.8354423,0.122523507,11,7.8,3.8,463.4,22.3,2,20.3,6,10,16.9,5.1,753,85,48,18,236,158,161,213,0.9481,0.0772,-2.15,144.01983615,54.6072775511468,89.4196555988963,90.6372715289498
"57","6959","WW-LT",0.75,"centre","yes","Rennes-1","CS77210","FRA",48.5,-1.41,89,"western_europe",NA,49,226.5,121.1592415,262.52,5.35755102,0.769226711,59.5,94.96760576,3.626666667,45.6471296,0.064193281,0.694880373,7.875,86.79275844,51.8315,99.77186833,27,45,5.409859259,8.972265,2.435982725,25.29491587,0.125403443,2.880410531,0.096303255,3904.9436,4.793575,42.07942883,213.2221195,0.152608062,237.8354423,0.122523507,11,7.8,3.8,463.4,22.3,2,20.3,6,10,16.9,5.1,753,85,48,18,236,158,161,213,0.9481,0.0772,-2.15,144.01983615,54.6072775511468,89.4196555988963,90.6372715289498
"58","6959","WW-HT",1,"centre","yes","Rennes-1","CS77210","FRA",48.5,-1.41,89,"western_europe",NA,49,226.5,121.1592415,262.52,5.35755102,0.769226711,59.5,94.96760576,3.626666667,45.6471296,0.064193281,0.694880373,7.875,86.79275844,51.8315,99.77186833,27,45,5.409859259,8.972265,2.435982725,25.29491587,0.125403443,2.880410531,0.096303255,3904.9436,4.793575,42.07942883,213.2221195,0.152608062,237.8354423,0.122523507,11,7.8,3.8,463.4,22.3,2,20.3,6,10,16.9,5.1,753,85,48,18,236,158,161,213,0.9481,0.0772,-2.15,144.01983615,54.6072775511468,89.4196555988963,90.6372715289498
"59","6959","WW-CT",1,"centre","yes","Rennes-1","CS77210","FRA",48.5,-1.41,89,"western_europe",NA,49,226.5,121.1592415,262.52,5.35755102,0.769226711,59.5,94.96760576,3.626666667,45.6471296,0.064193281,0.694880373,7.875,86.79275844,51.8315,99.77186833,27,45,5.409859259,8.972265,2.435982725,25.29491587,0.125403443,2.880410531,0.096303255,3904.9436,4.793575,42.07942883,213.2221195,0.152608062,237.8354423,0.122523507,11,7.8,3.8,463.4,22.3,2,20.3,6,10,16.9,5.1,753,85,48,18,236,158,161,213,0.9481,0.0772,-2.15,144.01983615,54.6072775511468,89.4196555988963,90.6372715289498
"60","6959","WD-HT",0.631578947368421,"centre","yes","Rennes-1","CS77210","FRA",48.5,-1.41,89,"western_europe",NA,49,226.5,121.1592415,262.52,5.35755102,0.769226711,59.5,94.96760576,3.626666667,45.6471296,0.064193281,0.694880373,7.875,86.79275844,51.8315,99.77186833,27,45,5.409859259,8.972265,2.435982725,25.29491587,0.125403443,2.880410531,0.096303255,3904.9436,4.793575,42.07942883,213.2221195,0.152608062,237.8354423,0.122523507,11,7.8,3.8,463.4,22.3,2,20.3,6,10,16.9,5.1,753,85,48,18,236,158,161,213,0.9481,0.0772,-2.15,144.01983615,54.6072775511468,89.4196555988963,90.6372715289498
"61","6970","WW-CT",1,"south","yes","Ts-1","CS76615","ESP",41.7194,2.93056,116,"spain",NA,37,156.5,157.0026915,96.965,2.620675676,0.887562026,49.625,95.60263919,4.4725,57.66028127,0.042885967,0.653844222,4.875,86.88255613,29.986,66.502948,32,37,4.554743708,8.181843333,3.389676678,21.08587575,0.162414462,2.693488179,0.160755793,4192.083333,5.308875,47.8224803,171.0878081,0.213886043,149.4499563,0.1336098,15.5,7,3.1,524,27.2,5.2,22,16.6,22.3,22.4,9.1,684,107,26,33,238,121,151,150,0.7165,0.0903,-2.27,213.25629795,53.6747740552535,76.347397015336,87.7665043750364
"62","6970","WW-LT",0.736842105263158,"south","yes","Ts-1","CS76615","ESP",41.7194,2.93056,116,"spain",NA,37,156.5,157.0026915,96.965,2.620675676,0.887562026,49.625,95.60263919,4.4725,57.66028127,0.042885967,0.653844222,4.875,86.88255613,29.986,66.502948,32,37,4.554743708,8.181843333,3.389676678,21.08587575,0.162414462,2.693488179,0.160755793,4192.083333,5.308875,47.8224803,171.0878081,0.213886043,149.4499563,0.1336098,15.5,7,3.1,524,27.2,5.2,22,16.6,22.3,22.4,9.1,684,107,26,33,238,121,151,150,0.7165,0.0903,-2.27,213.25629795,53.6747740552535,76.347397015336,87.7665043750364
"63","6970","WW-HT",1,"south","yes","Ts-1","CS76615","ESP",41.7194,2.93056,116,"spain",NA,37,156.5,157.0026915,96.965,2.620675676,0.887562026,49.625,95.60263919,4.4725,57.66028127,0.042885967,0.653844222,4.875,86.88255613,29.986,66.502948,32,37,4.554743708,8.181843333,3.389676678,21.08587575,0.162414462,2.693488179,0.160755793,4192.083333,5.308875,47.8224803,171.0878081,0.213886043,149.4499563,0.1336098,15.5,7,3.1,524,27.2,5.2,22,16.6,22.3,22.4,9.1,684,107,26,33,238,121,151,150,0.7165,0.0903,-2.27,213.25629795,53.6747740552535,76.347397015336,87.7665043750364
"64","6970","WD-LT",0.368421052631579,"south","yes","Ts-1","CS76615","ESP",41.7194,2.93056,116,"spain",NA,37,156.5,157.0026915,96.965,2.620675676,0.887562026,49.625,95.60263919,4.4725,57.66028127,0.042885967,0.653844222,4.875,86.88255613,29.986,66.502948,32,37,4.554743708,8.181843333,3.389676678,21.08587575,0.162414462,2.693488179,0.160755793,4192.083333,5.308875,47.8224803,171.0878081,0.213886043,149.4499563,0.1336098,15.5,7,3.1,524,27.2,5.2,22,16.6,22.3,22.4,9.1,684,107,26,33,238,121,151,150,0.7165,0.0903,-2.27,213.25629795,53.6747740552535,76.347397015336,87.7665043750364
"65","6970","WD-HT",0.4,"south","yes","Ts-1","CS76615","ESP",41.7194,2.93056,116,"spain",NA,37,156.5,157.0026915,96.965,2.620675676,0.887562026,49.625,95.60263919,4.4725,57.66028127,0.042885967,0.653844222,4.875,86.88255613,29.986,66.502948,32,37,4.554743708,8.181843333,3.389676678,21.08587575,0.162414462,2.693488179,0.160755793,4192.083333,5.308875,47.8224803,171.0878081,0.213886043,149.4499563,0.1336098,15.5,7,3.1,524,27.2,5.2,22,16.6,22.3,22.4,9.1,684,107,26,33,238,121,151,150,0.7165,0.0903,-2.27,213.25629795,53.6747740552535,76.347397015336,87.7665043750364
"66","7092","WW-HT",1,"centre","yes","Com-1","CS76469","FRA",49.416,2.823,45,"western_europe",4.38e-05,49,201,118.7977797,330.865,6.752346939,0.741735319,46.75,90.33226195,6.465,52.69507779,0.045861564,0.628474547,4.86448287,84.97510923,49.8795,46.779141,29,49,3.563368059,10.9513125,2.572180778,20.01852813,0.184140675,2.521615875,0.128490005,4678.165822,4.70255,47.98015592,228.2467051,0.310191708,131.7353327,0.129010298,10.5,8.6,3.6,551.8,23.5,0,23.5,11.1,6.8,17.5,3.3,622,59,42,10,170,131,162,150,0.7717,0.0806,-2.74,170.66214945,61.5177993077413,69.2068800764453,87.5745223588621
"67","7092","WD-HT",0.875,"centre","yes","Com-1","CS76469","FRA",49.416,2.823,45,"western_europe",4.38e-05,49,201,118.7977797,330.865,6.752346939,0.741735319,46.75,90.33226195,6.465,52.69507779,0.045861564,0.628474547,4.86448287,84.97510923,49.8795,46.779141,29,49,3.563368059,10.9513125,2.572180778,20.01852813,0.184140675,2.521615875,0.128490005,4678.165822,4.70255,47.98015592,228.2467051,0.310191708,131.7353327,0.129010298,10.5,8.6,3.6,551.8,23.5,0,23.5,11.1,6.8,17.5,3.3,622,59,42,10,170,131,162,150,0.7717,0.0806,-2.74,170.66214945,61.5177993077413,69.2068800764453,87.5745223588621
"68","7092","WW-LT",0.866666666666667,"centre","yes","Com-1","CS76469","FRA",49.416,2.823,45,"western_europe",4.38e-05,49,201,118.7977797,330.865,6.752346939,0.741735319,46.75,90.33226195,6.465,52.69507779,0.045861564,0.628474547,4.86448287,84.97510923,49.8795,46.779141,29,49,3.563368059,10.9513125,2.572180778,20.01852813,0.184140675,2.521615875,0.128490005,4678.165822,4.70255,47.98015592,228.2467051,0.310191708,131.7353327,0.129010298,10.5,8.6,3.6,551.8,23.5,0,23.5,11.1,6.8,17.5,3.3,622,59,42,10,170,131,162,150,0.7717,0.0806,-2.74,170.66214945,61.5177993077413,69.2068800764453,87.5745223588621
"69","7092","WW-CT",1,"centre","yes","Com-1","CS76469","FRA",49.416,2.823,45,"western_europe",4.38e-05,49,201,118.7977797,330.865,6.752346939,0.741735319,46.75,90.33226195,6.465,52.69507779,0.045861564,0.628474547,4.86448287,84.97510923,49.8795,46.779141,29,49,3.563368059,10.9513125,2.572180778,20.01852813,0.184140675,2.521615875,0.128490005,4678.165822,4.70255,47.98015592,228.2467051,0.310191708,131.7353327,0.129010298,10.5,8.6,3.6,551.8,23.5,0,23.5,11.1,6.8,17.5,3.3,622,59,42,10,170,131,162,150,0.7717,0.0806,-2.74,170.66214945,61.5177993077413,69.2068800764453,87.5745223588621
"70","7092","WD-LT",0.5,"centre","yes","Com-1","CS76469","FRA",49.416,2.823,45,"western_europe",4.38e-05,49,201,118.7977797,330.865,6.752346939,0.741735319,46.75,90.33226195,6.465,52.69507779,0.045861564,0.628474547,4.86448287,84.97510923,49.8795,46.779141,29,49,3.563368059,10.9513125,2.572180778,20.01852813,0.184140675,2.521615875,0.128490005,4678.165822,4.70255,47.98015592,228.2467051,0.310191708,131.7353327,0.129010298,10.5,8.6,3.6,551.8,23.5,0,23.5,11.1,6.8,17.5,3.3,622,59,42,10,170,131,162,150,0.7717,0.0806,-2.74,170.66214945,61.5177993077413,69.2068800764453,87.5745223588621
"71","7213","WW-LT",0.85,"centre","yes","Ler-0","CS77020","GER",47.984,10.8719,630,"admixed",NA,61.5,178,97.18764884,343.675,5.588211382,0.737222077,28.375,77.06220465,7.266666667,79.37274163,0.027314589,0.649535138,5.119982607,43.18829194,52.87533333,9.331266667,NA,NA,NA,NA,NA,NA,NA,NA,NA,NA,NA,NA,NA,NA,NA,NA,7.9,8.5,3.2,650.6,21.9,-4.4,26.3,16.1,0.6,16.1,-0.6,968,123,54,32,359,168,359,173,1.2847,0.0748,-3.17,247.45511945,49.2420134764694,74.7895631377766,84.1166276589232
"72","7213","WD-LT",0.45,"centre","yes","Ler-0","CS77020","GER",47.984,10.8719,630,"admixed",NA,61.5,178,97.18764884,343.675,5.588211382,0.737222077,28.375,77.06220465,7.266666667,79.37274163,0.027314589,0.649535138,5.119982607,43.18829194,52.87533333,9.331266667,NA,NA,NA,NA,NA,NA,NA,NA,NA,NA,NA,NA,NA,NA,NA,NA,7.9,8.5,3.2,650.6,21.9,-4.4,26.3,16.1,0.6,16.1,-0.6,968,123,54,32,359,168,359,173,1.2847,0.0748,-3.17,247.45511945,49.2420134764694,74.7895631377766,84.1166276589232
"73","7213","WD-HT",0.55,"centre","yes","Ler-0","CS77020","GER",47.984,10.8719,630,"admixed",NA,61.5,178,97.18764884,343.675,5.588211382,0.737222077,28.375,77.06220465,7.266666667,79.37274163,0.027314589,0.649535138,5.119982607,43.18829194,52.87533333,9.331266667,NA,NA,NA,NA,NA,NA,NA,NA,NA,NA,NA,NA,NA,NA,NA,NA,7.9,8.5,3.2,650.6,21.9,-4.4,26.3,16.1,0.6,16.1,-0.6,968,123,54,32,359,168,359,173,1.2847,0.0748,-3.17,247.45511945,49.2420134764694,74.7895631377766,84.1166276589232
"74","7213","WW-HT",1,"centre","yes","Ler-0","CS77020","GER",47.984,10.8719,630,"admixed",NA,61.5,178,97.18764884,343.675,5.588211382,0.737222077,28.375,77.06220465,7.266666667,79.37274163,0.027314589,0.649535138,5.119982607,43.18829194,52.87533333,9.331266667,NA,NA,NA,NA,NA,NA,NA,NA,NA,NA,NA,NA,NA,NA,NA,NA,7.9,8.5,3.2,650.6,21.9,-4.4,26.3,16.1,0.6,16.1,-0.6,968,123,54,32,359,168,359,173,1.2847,0.0748,-3.17,247.45511945,49.2420134764694,74.7895631377766,84.1166276589232
"75","7213","WW-CT",1,"centre","yes","Ler-0","CS77020","GER",47.984,10.8719,630,"admixed",NA,61.5,178,97.18764884,343.675,5.588211382,0.737222077,28.375,77.06220465,7.266666667,79.37274163,0.027314589,0.649535138,5.119982607,43.18829194,52.87533333,9.331266667,NA,NA,NA,NA,NA,NA,NA,NA,NA,NA,NA,NA,NA,NA,NA,NA,7.9,8.5,3.2,650.6,21.9,-4.4,26.3,16.1,0.6,16.1,-0.6,968,123,54,32,359,168,359,173,1.2847,0.0748,-3.17,247.45511945,49.2420134764694,74.7895631377766,84.1166276589232
"76","7298","WW-CT",1,"centre","yes","Pi-0","CS76572","AUT",47.04,10.51,2395,"central_europe",-5.05e-05,60.5,191,104.1108535,561.285,9.277438017,0.678940319,NA,NA,NA,NA,NA,NA,NA,NA,NA,NA,NA,NA,NA,NA,NA,NA,NA,NA,NA,NA,NA,NA,NA,NA,NA,NA,-0.9,5.8,2.8,533.4,9.8,-10.7,20.5,5.7,-7.4,5.8,-7.4,1341,158,83,22,449,268,421,268,5.1974,0.0314,-2.07,173.8389526,42.3660308537716,91.2028252161082,90.601578590318
"77","7298","WD-LT",0.3,"centre","yes","Pi-0","CS76572","AUT",47.04,10.51,2395,"central_europe",-5.05e-05,60.5,191,104.1108535,561.285,9.277438017,0.678940319,NA,NA,NA,NA,NA,NA,NA,NA,NA,NA,NA,NA,NA,NA,NA,NA,NA,NA,NA,NA,NA,NA,NA,NA,NA,NA,-0.9,5.8,2.8,533.4,9.8,-10.7,20.5,5.7,-7.4,5.8,-7.4,1341,158,83,22,449,268,421,268,5.1974,0.0314,-2.07,173.8389526,42.3660308537716,91.2028252161082,90.601578590318
"78","7298","WW-LT",0.894736842105263,"centre","yes","Pi-0","CS76572","AUT",47.04,10.51,2395,"central_europe",-5.05e-05,60.5,191,104.1108535,561.285,9.277438017,0.678940319,NA,NA,NA,NA,NA,NA,NA,NA,NA,NA,NA,NA,NA,NA,NA,NA,NA,NA,NA,NA,NA,NA,NA,NA,NA,NA,-0.9,5.8,2.8,533.4,9.8,-10.7,20.5,5.7,-7.4,5.8,-7.4,1341,158,83,22,449,268,421,268,5.1974,0.0314,-2.07,173.8389526,42.3660308537716,91.2028252161082,90.601578590318
"79","7298","WW-HT",0.95,"centre","yes","Pi-0","CS76572","AUT",47.04,10.51,2395,"central_europe",-5.05e-05,60.5,191,104.1108535,561.285,9.277438017,0.678940319,NA,NA,NA,NA,NA,NA,NA,NA,NA,NA,NA,NA,NA,NA,NA,NA,NA,NA,NA,NA,NA,NA,NA,NA,NA,NA,-0.9,5.8,2.8,533.4,9.8,-10.7,20.5,5.7,-7.4,5.8,-7.4,1341,158,83,22,449,268,421,268,5.1974,0.0314,-2.07,173.8389526,42.3660308537716,91.2028252161082,90.601578590318
"80","7298","WD-HT",0.421052631578947,"centre","yes","Pi-0","CS76572","AUT",47.04,10.51,2395,"central_europe",-5.05e-05,60.5,191,104.1108535,561.285,9.277438017,0.678940319,NA,NA,NA,NA,NA,NA,NA,NA,NA,NA,NA,NA,NA,NA,NA,NA,NA,NA,NA,NA,NA,NA,NA,NA,NA,NA,-0.9,5.8,2.8,533.4,9.8,-10.7,20.5,5.7,-7.4,5.8,-7.4,1341,158,83,22,449,268,421,268,5.1974,0.0314,-2.07,173.8389526,42.3660308537716,91.2028252161082,90.601578590318
"81","7382","WW-HT",1,"centre","yes","Utrecht","CS76622","NED",52.0918,5.1145,4,"admixed",NA,42.5,249,136.796708,171.715,4.040352941,0.819661896,38.625,86.87890572,7.14,74.94643077,0.022734564,0.478474547,3.375,82.95079366,44.16733333,33.15331475,NA,NA,NA,NA,NA,NA,NA,NA,NA,NA,NA,NA,NA,NA,NA,NA,9.3,7.5,3.4,531.9,21.3,-0.5,21.8,6.6,4.9,16.1,2.6,805,80,47,16,233,158,216,195,1.1732,0.0687,-2.17,170.9726909,64.2950465476111,75.3860420979986,81.8882001767994
"82","7382","WW-CT",1,"centre","yes","Utrecht","CS76622","NED",52.0918,5.1145,4,"admixed",NA,42.5,249,136.796708,171.715,4.040352941,0.819661896,38.625,86.87890572,7.14,74.94643077,0.022734564,0.478474547,3.375,82.95079366,44.16733333,33.15331475,NA,NA,NA,NA,NA,NA,NA,NA,NA,NA,NA,NA,NA,NA,NA,NA,9.3,7.5,3.4,531.9,21.3,-0.5,21.8,6.6,4.9,16.1,2.6,805,80,47,16,233,158,216,195,1.1732,0.0687,-2.17,170.9726909,64.2950465476111,75.3860420979986,81.8882001767994
"83","7382","WD-HT",0.85,"centre","yes","Utrecht","CS76622","NED",52.0918,5.1145,4,"admixed",NA,42.5,249,136.796708,171.715,4.040352941,0.819661896,38.625,86.87890572,7.14,74.94643077,0.022734564,0.478474547,3.375,82.95079366,44.16733333,33.15331475,NA,NA,NA,NA,NA,NA,NA,NA,NA,NA,NA,NA,NA,NA,NA,NA,9.3,7.5,3.4,531.9,21.3,-0.5,21.8,6.6,4.9,16.1,2.6,805,80,47,16,233,158,216,195,1.1732,0.0687,-2.17,170.9726909,64.2950465476111,75.3860420979986,81.8882001767994
"84","7382","WW-LT",0.8,"centre","yes","Utrecht","CS76622","NED",52.0918,5.1145,4,"admixed",NA,42.5,249,136.796708,171.715,4.040352941,0.819661896,38.625,86.87890572,7.14,74.94643077,0.022734564,0.478474547,3.375,82.95079366,44.16733333,33.15331475,NA,NA,NA,NA,NA,NA,NA,NA,NA,NA,NA,NA,NA,NA,NA,NA,9.3,7.5,3.4,531.9,21.3,-0.5,21.8,6.6,4.9,16.1,2.6,805,80,47,16,233,158,216,195,1.1732,0.0687,-2.17,170.9726909,64.2950465476111,75.3860420979986,81.8882001767994
"85","7382","WD-LT",0.5,"centre","yes","Utrecht","CS76622","NED",52.0918,5.1145,4,"admixed",NA,42.5,249,136.796708,171.715,4.040352941,0.819661896,38.625,86.87890572,7.14,74.94643077,0.022734564,0.478474547,3.375,82.95079366,44.16733333,33.15331475,NA,NA,NA,NA,NA,NA,NA,NA,NA,NA,NA,NA,NA,NA,NA,NA,9.3,7.5,3.4,531.9,21.3,-0.5,21.8,6.6,4.9,16.1,2.6,805,80,47,16,233,158,216,195,1.1732,0.0687,-2.17,170.9726909,64.2950465476111,75.3860420979986,81.8882001767994
"86","8240","WW-LT",0.8,"north","yes","Kulturen-1","CS76987","SWE",55.705,13.196,26,"south_sweden",-0.000681812,66,64,101.0074091,896.465,13.58280303,0.623308324,79.5,188.7610365,2.26,31.91001122,0.036449064,0.453474547,13.125,6.396927012,29.85966667,59.28717825,20,106,3.832323014,NA,2.938885105,34.61498784,0.140957861,NA,0.084902098,273.2769334,5.77012099,NA,NA,NA,NA,0.143082516,7.9,6.1,2.6,616,20.2,-2.7,22.9,15.3,2.5,16,0.5,645,67,34,22,197,113,185,152,1.1575,0.0565,-1.985,118.0771334,55.454274631221,90.0396243825653,87.5967701474638
"87","8240","WW-HT",0.947368421052632,"north","yes","Kulturen-1","CS76987","SWE",55.705,13.196,26,"south_sweden",-0.000681812,66,64,101.0074091,896.465,13.58280303,0.623308324,79.5,188.7610365,2.26,31.91001122,0.036449064,0.453474547,13.125,6.396927012,29.85966667,59.28717825,20,106,3.832323014,NA,2.938885105,34.61498784,0.140957861,NA,0.084902098,273.2769334,5.77012099,NA,NA,NA,NA,0.143082516,7.9,6.1,2.6,616,20.2,-2.7,22.9,15.3,2.5,16,0.5,645,67,34,22,197,113,185,152,1.1575,0.0565,-1.985,118.0771334,55.454274631221,90.0396243825653,87.5967701474638
"88","8240","WD-LT",0.5,"north","yes","Kulturen-1","CS76987","SWE",55.705,13.196,26,"south_sweden",-0.000681812,66,64,101.0074091,896.465,13.58280303,0.623308324,79.5,188.7610365,2.26,31.91001122,0.036449064,0.453474547,13.125,6.396927012,29.85966667,59.28717825,20,106,3.832323014,NA,2.938885105,34.61498784,0.140957861,NA,0.084902098,273.2769334,5.77012099,NA,NA,NA,NA,0.143082516,7.9,6.1,2.6,616,20.2,-2.7,22.9,15.3,2.5,16,0.5,645,67,34,22,197,113,185,152,1.1575,0.0565,-1.985,118.0771334,55.454274631221,90.0396243825653,87.5967701474638
"89","8240","WD-HT",0.8,"north","yes","Kulturen-1","CS76987","SWE",55.705,13.196,26,"south_sweden",-0.000681812,66,64,101.0074091,896.465,13.58280303,0.623308324,79.5,188.7610365,2.26,31.91001122,0.036449064,0.453474547,13.125,6.396927012,29.85966667,59.28717825,20,106,3.832323014,NA,2.938885105,34.61498784,0.140957861,NA,0.084902098,273.2769334,5.77012099,NA,NA,NA,NA,0.143082516,7.9,6.1,2.6,616,20.2,-2.7,22.9,15.3,2.5,16,0.5,645,67,34,22,197,113,185,152,1.1575,0.0565,-1.985,118.0771334,55.454274631221,90.0396243825653,87.5967701474638
"90","8240","WW-CT",0.95,"north","yes","Kulturen-1","CS76987","SWE",55.705,13.196,26,"south_sweden",-0.000681812,66,64,101.0074091,896.465,13.58280303,0.623308324,79.5,188.7610365,2.26,31.91001122,0.036449064,0.453474547,13.125,6.396927012,29.85966667,59.28717825,20,106,3.832323014,NA,2.938885105,34.61498784,0.140957861,NA,0.084902098,273.2769334,5.77012099,NA,NA,NA,NA,0.143082516,7.9,6.1,2.6,616,20.2,-2.7,22.9,15.3,2.5,16,0.5,645,67,34,22,197,113,185,152,1.1575,0.0565,-1.985,118.0771334,55.454274631221,90.0396243825653,87.5967701474638
"91","8311","WW-LT",0.8,"centre","yes","In-0","CS78903","AUT",47.5,11.5,1476,"central_europe",7.97e-05,39,108,160.330043,215.57,5.527435897,0.792637868,64.59446342,105.222803,2.336666667,49.48660757,0.045156829,0.715409244,4.5,57.71642222,35.813,87.24336202,NA,NA,NA,NA,NA,NA,NA,NA,NA,2507.052335,4.86539358,NA,NA,NA,NA,NA,3.8,8.3,3.1,631.2,17.4,-8.7,26.1,11.6,-4.4,11.6,-4.4,1082,150,57,35,415,183,415,183,1.8109,0.0603,-1.62,199.11773915,39.1263687328986,103.25180790297,89.0355328901327
"92","8311","WW-CT",1,"centre","yes","In-0","CS78903","AUT",47.5,11.5,1476,"central_europe",7.97e-05,39,108,160.330043,215.57,5.527435897,0.792637868,64.59446342,105.222803,2.336666667,49.48660757,0.045156829,0.715409244,4.5,57.71642222,35.813,87.24336202,NA,NA,NA,NA,NA,NA,NA,NA,NA,2507.052335,4.86539358,NA,NA,NA,NA,NA,3.8,8.3,3.1,631.2,17.4,-8.7,26.1,11.6,-4.4,11.6,-4.4,1082,150,57,35,415,183,415,183,1.8109,0.0603,-1.62,199.11773915,39.1263687328986,103.25180790297,89.0355328901327
"93","8311","WD-LT",0.6,"centre","yes","In-0","CS78903","AUT",47.5,11.5,1476,"central_europe",7.97e-05,39,108,160.330043,215.57,5.527435897,0.792637868,64.59446342,105.222803,2.336666667,49.48660757,0.045156829,0.715409244,4.5,57.71642222,35.813,87.24336202,NA,NA,NA,NA,NA,NA,NA,NA,NA,2507.052335,4.86539358,NA,NA,NA,NA,NA,3.8,8.3,3.1,631.2,17.4,-8.7,26.1,11.6,-4.4,11.6,-4.4,1082,150,57,35,415,183,415,183,1.8109,0.0603,-1.62,199.11773915,39.1263687328986,103.25180790297,89.0355328901327
"94","8311","WD-HT",0.65,"centre","yes","In-0","CS78903","AUT",47.5,11.5,1476,"central_europe",7.97e-05,39,108,160.330043,215.57,5.527435897,0.792637868,64.59446342,105.222803,2.336666667,49.48660757,0.045156829,0.715409244,4.5,57.71642222,35.813,87.24336202,NA,NA,NA,NA,NA,NA,NA,NA,NA,2507.052335,4.86539358,NA,NA,NA,NA,NA,3.8,8.3,3.1,631.2,17.4,-8.7,26.1,11.6,-4.4,11.6,-4.4,1082,150,57,35,415,183,415,183,1.8109,0.0603,-1.62,199.11773915,39.1263687328986,103.25180790297,89.0355328901327
"95","8311","WW-HT",1,"centre","yes","In-0","CS78903","AUT",47.5,11.5,1476,"central_europe",7.97e-05,39,108,160.330043,215.57,5.527435897,0.792637868,64.59446342,105.222803,2.336666667,49.48660757,0.045156829,0.715409244,4.5,57.71642222,35.813,87.24336202,NA,NA,NA,NA,NA,NA,NA,NA,NA,2507.052335,4.86539358,NA,NA,NA,NA,NA,3.8,8.3,3.1,631.2,17.4,-8.7,26.1,11.6,-4.4,11.6,-4.4,1082,150,57,35,415,183,415,183,1.8109,0.0603,-1.62,199.11773915,39.1263687328986,103.25180790297,89.0355328901327
"96","8357","WW-HT",1,"south","yes","Pla-0","CS76573","ESP",41.5,2.25,145,"spain",0.000274726,47.5,215.5,143.2414903,273.02,5.747789474,0.764567118,55.25,86.36745345,4.9,55.012763,0.045840224,0.671112766,5.375,54.86495701,22.60466667,78.3505605,NA,54,NA,6.757132667,2.826744848,16.69105171,0.195092171,3.156660413,0.169356904,2523.788023,5.065125,64.8217636,104.2417283,0.317626642,117.7717574,0.145900227,15.8,7,3.2,520.2,27.6,5.8,21.8,16.9,22.6,22.7,9.5,635,88,29,29,220,127,158,130,0.7466,0.0888,-2.28,174.9312018,35.5551223170732,89.13681422156,86.5850474481251
"97","8357","WW-CT",1,"south","yes","Pla-0","CS76573","ESP",41.5,2.25,145,"spain",0.000274726,47.5,215.5,143.2414903,273.02,5.747789474,0.764567118,55.25,86.36745345,4.9,55.012763,0.045840224,0.671112766,5.375,54.86495701,22.60466667,78.3505605,NA,54,NA,6.757132667,2.826744848,16.69105171,0.195092171,3.156660413,0.169356904,2523.788023,5.065125,64.8217636,104.2417283,0.317626642,117.7717574,0.145900227,15.8,7,3.2,520.2,27.6,5.8,21.8,16.9,22.6,22.7,9.5,635,88,29,29,220,127,158,130,0.7466,0.0888,-2.28,174.9312018,35.5551223170732,89.13681422156,86.5850474481251
"98","8357","WD-LT",0.25,"south","yes","Pla-0","CS76573","ESP",41.5,2.25,145,"spain",0.000274726,47.5,215.5,143.2414903,273.02,5.747789474,0.764567118,55.25,86.36745345,4.9,55.012763,0.045840224,0.671112766,5.375,54.86495701,22.60466667,78.3505605,NA,54,NA,6.757132667,2.826744848,16.69105171,0.195092171,3.156660413,0.169356904,2523.788023,5.065125,64.8217636,104.2417283,0.317626642,117.7717574,0.145900227,15.8,7,3.2,520.2,27.6,5.8,21.8,16.9,22.6,22.7,9.5,635,88,29,29,220,127,158,130,0.7466,0.0888,-2.28,174.9312018,35.5551223170732,89.13681422156,86.5850474481251
"99","8357","WD-HT",0.473684210526316,"south","yes","Pla-0","CS76573","ESP",41.5,2.25,145,"spain",0.000274726,47.5,215.5,143.2414903,273.02,5.747789474,0.764567118,55.25,86.36745345,4.9,55.012763,0.045840224,0.671112766,5.375,54.86495701,22.60466667,78.3505605,NA,54,NA,6.757132667,2.826744848,16.69105171,0.195092171,3.156660413,0.169356904,2523.788023,5.065125,64.8217636,104.2417283,0.317626642,117.7717574,0.145900227,15.8,7,3.2,520.2,27.6,5.8,21.8,16.9,22.6,22.7,9.5,635,88,29,29,220,127,158,130,0.7466,0.0888,-2.28,174.9312018,35.5551223170732,89.13681422156,86.5850474481251
"100","8357","WW-LT",0.684210526315789,"south","yes","Pla-0","CS76573","ESP",41.5,2.25,145,"spain",0.000274726,47.5,215.5,143.2414903,273.02,5.747789474,0.764567118,55.25,86.36745345,4.9,55.012763,0.045840224,0.671112766,5.375,54.86495701,22.60466667,78.3505605,NA,54,NA,6.757132667,2.826744848,16.69105171,0.195092171,3.156660413,0.169356904,2523.788023,5.065125,64.8217636,104.2417283,0.317626642,117.7717574,0.145900227,15.8,7,3.2,520.2,27.6,5.8,21.8,16.9,22.6,22.7,9.5,635,88,29,29,220,127,158,130,0.7466,0.0888,-2.28,174.9312018,35.5551223170732,89.13681422156,86.5850474481251
"101","8376","WD-HT",0.6,"north","yes","Sanna-2","CS77234","SWE",62.69,18,78,"north_sweden",0.000723451,75,64,94.40830773,1228.555,16.38073333,0.585866135,NA,NA,NA,NA,NA,NA,NA,NA,NA,NA,NA,63,5.181324084,6.59002,1.647749698,20.95962981,0.174499223,3.091909741,0.078615401,NA,NA,53.32966428,123.5713761,NA,110.3719885,0.102236745,3.4,8.1,2.4,850.6,20.4,-12.3,32.7,9.7,-3.2,14.6,-7.4,684,77,40,24,214,124,188,156,1.29,0.0524,NA,243.4502058,44.7110047496363,88.7183077079725,90.0266476719661
"102","8376","WW-LT",0.95,"north","yes","Sanna-2","CS77234","SWE",62.69,18,78,"north_sweden",0.000723451,75,64,94.40830773,1228.555,16.38073333,0.585866135,NA,NA,NA,NA,NA,NA,NA,NA,NA,NA,NA,63,5.181324084,6.59002,1.647749698,20.95962981,0.174499223,3.091909741,0.078615401,NA,NA,53.32966428,123.5713761,NA,110.3719885,0.102236745,3.4,8.1,2.4,850.6,20.4,-12.3,32.7,9.7,-3.2,14.6,-7.4,684,77,40,24,214,124,188,156,1.29,0.0524,NA,243.4502058,44.7110047496363,88.7183077079725,90.0266476719661
"103","8376","WW-HT",1,"north","yes","Sanna-2","CS77234","SWE",62.69,18,78,"north_sweden",0.000723451,75,64,94.40830773,1228.555,16.38073333,0.585866135,NA,NA,NA,NA,NA,NA,NA,NA,NA,NA,NA,63,5.181324084,6.59002,1.647749698,20.95962981,0.174499223,3.091909741,0.078615401,NA,NA,53.32966428,123.5713761,NA,110.3719885,0.102236745,3.4,8.1,2.4,850.6,20.4,-12.3,32.7,9.7,-3.2,14.6,-7.4,684,77,40,24,214,124,188,156,1.29,0.0524,NA,243.4502058,44.7110047496363,88.7183077079725,90.0266476719661
"104","8376","WW-CT",1,"north","yes","Sanna-2","CS77234","SWE",62.69,18,78,"north_sweden",0.000723451,75,64,94.40830773,1228.555,16.38073333,0.585866135,NA,NA,NA,NA,NA,NA,NA,NA,NA,NA,NA,63,5.181324084,6.59002,1.647749698,20.95962981,0.174499223,3.091909741,0.078615401,NA,NA,53.32966428,123.5713761,NA,110.3719885,0.102236745,3.4,8.1,2.4,850.6,20.4,-12.3,32.7,9.7,-3.2,14.6,-7.4,684,77,40,24,214,124,188,156,1.29,0.0524,NA,243.4502058,44.7110047496363,88.7183077079725,90.0266476719661
"105","8376","WD-LT",0.75,"north","yes","Sanna-2","CS77234","SWE",62.69,18,78,"north_sweden",0.000723451,75,64,94.40830773,1228.555,16.38073333,0.585866135,NA,NA,NA,NA,NA,NA,NA,NA,NA,NA,NA,63,5.181324084,6.59002,1.647749698,20.95962981,0.174499223,3.091909741,0.078615401,NA,NA,53.32966428,123.5713761,NA,110.3719885,0.102236745,3.4,8.1,2.4,850.6,20.4,-12.3,32.7,9.7,-3.2,14.6,-7.4,684,77,40,24,214,124,188,156,1.29,0.0524,NA,243.4502058,44.7110047496363,88.7183077079725,90.0266476719661
"106","9057","WD-LT",0.6,"north","yes","Vinslöv","CS78847","SWE",56.1,13.9167,22,"south_sweden",0.000406654,56.5,144,122.3378629,689.5,12.20353982,0.654495925,61.5,100.0991965,2.7575,49.588628,0.038934764,0.653474547,8.375,67.04261082,44.10966667,57.38342167,31,39,4.181382714,6.47802,2.443690069,24.94391682,0.150781747,2.725279272,0.097967376,3378.0559,6.163025,44.43525031,145.7856084,0.122530203,166.9321275,0.127598447,7.7,6.2,2.6,624.7,20.5,-3,23.5,15.2,2.3,15.9,0.1,646,72,36,22,201,113,187,153,1.1403,0.057,-1.63,213.87024195,52.6408368414387,87.426545900026,94.406237658583
"107","9057","WW-LT",0.9,"north","yes","Vinslöv","CS78847","SWE",56.1,13.9167,22,"south_sweden",0.000406654,56.5,144,122.3378629,689.5,12.20353982,0.654495925,61.5,100.0991965,2.7575,49.588628,0.038934764,0.653474547,8.375,67.04261082,44.10966667,57.38342167,31,39,4.181382714,6.47802,2.443690069,24.94391682,0.150781747,2.725279272,0.097967376,3378.0559,6.163025,44.43525031,145.7856084,0.122530203,166.9321275,0.127598447,7.7,6.2,2.6,624.7,20.5,-3,23.5,15.2,2.3,15.9,0.1,646,72,36,22,201,113,187,153,1.1403,0.057,-1.63,213.87024195,52.6408368414387,87.426545900026,94.406237658583
"108","9057","WW-HT",1,"north","yes","Vinslöv","CS78847","SWE",56.1,13.9167,22,"south_sweden",0.000406654,56.5,144,122.3378629,689.5,12.20353982,0.654495925,61.5,100.0991965,2.7575,49.588628,0.038934764,0.653474547,8.375,67.04261082,44.10966667,57.38342167,31,39,4.181382714,6.47802,2.443690069,24.94391682,0.150781747,2.725279272,0.097967376,3378.0559,6.163025,44.43525031,145.7856084,0.122530203,166.9321275,0.127598447,7.7,6.2,2.6,624.7,20.5,-3,23.5,15.2,2.3,15.9,0.1,646,72,36,22,201,113,187,153,1.1403,0.057,-1.63,213.87024195,52.6408368414387,87.426545900026,94.406237658583
"109","9057","WW-CT",1,"north","yes","Vinslöv","CS78847","SWE",56.1,13.9167,22,"south_sweden",0.000406654,56.5,144,122.3378629,689.5,12.20353982,0.654495925,61.5,100.0991965,2.7575,49.588628,0.038934764,0.653474547,8.375,67.04261082,44.10966667,57.38342167,31,39,4.181382714,6.47802,2.443690069,24.94391682,0.150781747,2.725279272,0.097967376,3378.0559,6.163025,44.43525031,145.7856084,0.122530203,166.9321275,0.127598447,7.7,6.2,2.6,624.7,20.5,-3,23.5,15.2,2.3,15.9,0.1,646,72,36,22,201,113,187,153,1.1403,0.057,-1.63,213.87024195,52.6408368414387,87.426545900026,94.406237658583
"110","9057","WD-HT",0.789473684210526,"north","yes","Vinslöv","CS78847","SWE",56.1,13.9167,22,"south_sweden",0.000406654,56.5,144,122.3378629,689.5,12.20353982,0.654495925,61.5,100.0991965,2.7575,49.588628,0.038934764,0.653474547,8.375,67.04261082,44.10966667,57.38342167,31,39,4.181382714,6.47802,2.443690069,24.94391682,0.150781747,2.725279272,0.097967376,3378.0559,6.163025,44.43525031,145.7856084,0.122530203,166.9321275,0.127598447,7.7,6.2,2.6,624.7,20.5,-3,23.5,15.2,2.3,15.9,0.1,646,72,36,22,201,113,187,153,1.1403,0.057,-1.63,213.87024195,52.6408368414387,87.426545900026,94.406237658583
"111","9470","WW-CT",1,"north","yes","Tur-4","CS77399","SWE",57.6511,14.8043,273,"south_sweden",-0.000282004,90.5,35.5,107.4240821,1632.405,18.03762431,0.552097535,82.62910899,174.8711965,1.696666667,28.44862365,0.055225148,0.554880373,15.75,-2.32679603,31.258,71.65850933,NA,NA,NA,NA,NA,NA,NA,NA,NA,NA,NA,NA,NA,NA,NA,NA,5.5,7.9,2.9,678.8,20.5,-6.6,27.1,13.4,-0.1,14.4,-3,644,74,36,23,211,111,196,140,1.0612,0.0604,NA,145.6332238,36.9171813285035,101.078989716125,92.42719889913
"112","9470","WW-LT",0.85,"north","yes","Tur-4","CS77399","SWE",57.6511,14.8043,273,"south_sweden",-0.000282004,90.5,35.5,107.4240821,1632.405,18.03762431,0.552097535,82.62910899,174.8711965,1.696666667,28.44862365,0.055225148,0.554880373,15.75,-2.32679603,31.258,71.65850933,NA,NA,NA,NA,NA,NA,NA,NA,NA,NA,NA,NA,NA,NA,NA,NA,5.5,7.9,2.9,678.8,20.5,-6.6,27.1,13.4,-0.1,14.4,-3,644,74,36,23,211,111,196,140,1.0612,0.0604,NA,145.6332238,36.9171813285035,101.078989716125,92.42719889913
"113","9470","WW-HT",1,"north","yes","Tur-4","CS77399","SWE",57.6511,14.8043,273,"south_sweden",-0.000282004,90.5,35.5,107.4240821,1632.405,18.03762431,0.552097535,82.62910899,174.8711965,1.696666667,28.44862365,0.055225148,0.554880373,15.75,-2.32679603,31.258,71.65850933,NA,NA,NA,NA,NA,NA,NA,NA,NA,NA,NA,NA,NA,NA,NA,NA,5.5,7.9,2.9,678.8,20.5,-6.6,27.1,13.4,-0.1,14.4,-3,644,74,36,23,211,111,196,140,1.0612,0.0604,NA,145.6332238,36.9171813285035,101.078989716125,92.42719889913
"114","9470","WD-LT",0.7,"north","yes","Tur-4","CS77399","SWE",57.6511,14.8043,273,"south_sweden",-0.000282004,90.5,35.5,107.4240821,1632.405,18.03762431,0.552097535,82.62910899,174.8711965,1.696666667,28.44862365,0.055225148,0.554880373,15.75,-2.32679603,31.258,71.65850933,NA,NA,NA,NA,NA,NA,NA,NA,NA,NA,NA,NA,NA,NA,NA,NA,5.5,7.9,2.9,678.8,20.5,-6.6,27.1,13.4,-0.1,14.4,-3,644,74,36,23,211,111,196,140,1.0612,0.0604,NA,145.6332238,36.9171813285035,101.078989716125,92.42719889913
"115","9470","WD-HT",0.8,"north","yes","Tur-4","CS77399","SWE",57.6511,14.8043,273,"south_sweden",-0.000282004,90.5,35.5,107.4240821,1632.405,18.03762431,0.552097535,82.62910899,174.8711965,1.696666667,28.44862365,0.055225148,0.554880373,15.75,-2.32679603,31.258,71.65850933,NA,NA,NA,NA,NA,NA,NA,NA,NA,NA,NA,NA,NA,NA,NA,NA,5.5,7.9,2.9,678.8,20.5,-6.6,27.1,13.4,-0.1,14.4,-3,644,74,36,23,211,111,196,140,1.0612,0.0604,NA,145.6332238,36.9171813285035,101.078989716125,92.42719889913
"116","9507","WW-HT",1,"south","yes","IP-Coa-0","CS76775","POR",38.45,-7.5,190,"spain",0.000717462,36,90,NA,16.3,0.452777778,1.099428081,NA,NA,NA,NA,NA,NA,NA,NA,NA,NA,NA,NA,NA,NA,NA,NA,NA,NA,NA,NA,NA,NA,NA,NA,NA,NA,16.7,10.8,4,542.2,32.3,5.8,26.5,10.9,23.6,24,10.1,556,75,3,56,224,31,31,220,0.4609,0.1217,-2.23,215.3622686,54.6056881292089,73.4437894722319,90.15718767676
"117","9507","WD-HT",0.3,"south","yes","IP-Coa-0","CS76775","POR",38.45,-7.5,190,"spain",0.000717462,36,90,NA,16.3,0.452777778,1.099428081,NA,NA,NA,NA,NA,NA,NA,NA,NA,NA,NA,NA,NA,NA,NA,NA,NA,NA,NA,NA,NA,NA,NA,NA,NA,NA,16.7,10.8,4,542.2,32.3,5.8,26.5,10.9,23.6,24,10.1,556,75,3,56,224,31,31,220,0.4609,0.1217,-2.23,215.3622686,54.6056881292089,73.4437894722319,90.15718767676
"118","9507","WW-LT",0.65,"south","yes","IP-Coa-0","CS76775","POR",38.45,-7.5,190,"spain",0.000717462,36,90,NA,16.3,0.452777778,1.099428081,NA,NA,NA,NA,NA,NA,NA,NA,NA,NA,NA,NA,NA,NA,NA,NA,NA,NA,NA,NA,NA,NA,NA,NA,NA,NA,16.7,10.8,4,542.2,32.3,5.8,26.5,10.9,23.6,24,10.1,556,75,3,56,224,31,31,220,0.4609,0.1217,-2.23,215.3622686,54.6056881292089,73.4437894722319,90.15718767676
"119","9507","WW-CT",1,"south","yes","IP-Coa-0","CS76775","POR",38.45,-7.5,190,"spain",0.000717462,36,90,NA,16.3,0.452777778,1.099428081,NA,NA,NA,NA,NA,NA,NA,NA,NA,NA,NA,NA,NA,NA,NA,NA,NA,NA,NA,NA,NA,NA,NA,NA,NA,NA,16.7,10.8,4,542.2,32.3,5.8,26.5,10.9,23.6,24,10.1,556,75,3,56,224,31,31,220,0.4609,0.1217,-2.23,215.3622686,54.6056881292089,73.4437894722319,90.15718767676
"120","9507","WD-LT",0.15,"south","yes","IP-Coa-0","CS76775","POR",38.45,-7.5,190,"spain",0.000717462,36,90,NA,16.3,0.452777778,1.099428081,NA,NA,NA,NA,NA,NA,NA,NA,NA,NA,NA,NA,NA,NA,NA,NA,NA,NA,NA,NA,NA,NA,NA,NA,NA,NA,16.7,10.8,4,542.2,32.3,5.8,26.5,10.9,23.6,24,10.1,556,75,3,56,224,31,31,220,0.4609,0.1217,-2.23,215.3622686,54.6056881292089,73.4437894722319,90.15718767676
"121","9537","WW-LT",0.75,"south","yes","IP-Cum-1","CS76787","ESP",38.07,-6.66,596,"spain",0.000231954,39.5,150.5,NA,75.59,1.913670886,0.917149632,NA,NA,NA,NA,NA,NA,NA,NA,NA,NA,NA,NA,NA,NA,NA,NA,NA,NA,NA,NA,NA,NA,NA,NA,NA,NA,15.1,11.2,3.8,603.6,32,3.1,28.9,8.6,22.9,23.1,7.7,643,88,4,56,256,32,36,245,0.5431,0.1193,-2.11,241.70117935,58.4179556283418,74.5232172470978,85.6037329330373
"122","9537","WD-LT",0.25,"south","yes","IP-Cum-1","CS76787","ESP",38.07,-6.66,596,"spain",0.000231954,39.5,150.5,NA,75.59,1.913670886,0.917149632,NA,NA,NA,NA,NA,NA,NA,NA,NA,NA,NA,NA,NA,NA,NA,NA,NA,NA,NA,NA,NA,NA,NA,NA,NA,NA,15.1,11.2,3.8,603.6,32,3.1,28.9,8.6,22.9,23.1,7.7,643,88,4,56,256,32,36,245,0.5431,0.1193,-2.11,241.70117935,58.4179556283418,74.5232172470978,85.6037329330373
"123","9537","WD-HT",0.65,"south","yes","IP-Cum-1","CS76787","ESP",38.07,-6.66,596,"spain",0.000231954,39.5,150.5,NA,75.59,1.913670886,0.917149632,NA,NA,NA,NA,NA,NA,NA,NA,NA,NA,NA,NA,NA,NA,NA,NA,NA,NA,NA,NA,NA,NA,NA,NA,NA,NA,15.1,11.2,3.8,603.6,32,3.1,28.9,8.6,22.9,23.1,7.7,643,88,4,56,256,32,36,245,0.5431,0.1193,-2.11,241.70117935,58.4179556283418,74.5232172470978,85.6037329330373
"124","9537","WW-HT",1,"south","yes","IP-Cum-1","CS76787","ESP",38.07,-6.66,596,"spain",0.000231954,39.5,150.5,NA,75.59,1.913670886,0.917149632,NA,NA,NA,NA,NA,NA,NA,NA,NA,NA,NA,NA,NA,NA,NA,NA,NA,NA,NA,NA,NA,NA,NA,NA,NA,NA,15.1,11.2,3.8,603.6,32,3.1,28.9,8.6,22.9,23.1,7.7,643,88,4,56,256,32,36,245,0.5431,0.1193,-2.11,241.70117935,58.4179556283418,74.5232172470978,85.6037329330373
"125","9537","WW-CT",1,"south","yes","IP-Cum-1","CS76787","ESP",38.07,-6.66,596,"spain",0.000231954,39.5,150.5,NA,75.59,1.913670886,0.917149632,NA,NA,NA,NA,NA,NA,NA,NA,NA,NA,NA,NA,NA,NA,NA,NA,NA,NA,NA,NA,NA,NA,NA,NA,NA,NA,15.1,11.2,3.8,603.6,32,3.1,28.9,8.6,22.9,23.1,7.7,643,88,4,56,256,32,36,245,0.5431,0.1193,-2.11,241.70117935,58.4179556283418,74.5232172470978,85.6037329330373
"126","9544","WW-CT",1,"south","yes","IP-Gua-1","CS76894","ESP",39.4,-5.33,694,"spain",-1.98e-05,41.5,126,206.4442379,101.555,2.447108434,0.88206686,56.625,92.75098893,3.715,37.99092603,0.045326414,0.728631051,3.375,99.32624113,29.86633333,89.97479975,NA,NA,NA,NA,NA,NA,NA,NA,NA,NA,NA,NA,NA,NA,NA,NA,14.3,11.8,3.7,670.6,33.1,1.3,31.8,6.9,23.3,23.3,6.2,499,62,6,45,170,40,40,159,0.3938,0.1211,-2.1,222.71888805,49.2926191949395,85.8379592915678,82.8250692302546
"127","9544","WD-LT",0.526315789473684,"south","yes","IP-Gua-1","CS76894","ESP",39.4,-5.33,694,"spain",-1.98e-05,41.5,126,206.4442379,101.555,2.447108434,0.88206686,56.625,92.75098893,3.715,37.99092603,0.045326414,0.728631051,3.375,99.32624113,29.86633333,89.97479975,NA,NA,NA,NA,NA,NA,NA,NA,NA,NA,NA,NA,NA,NA,NA,NA,14.3,11.8,3.7,670.6,33.1,1.3,31.8,6.9,23.3,23.3,6.2,499,62,6,45,170,40,40,159,0.3938,0.1211,-2.1,222.71888805,49.2926191949395,85.8379592915678,82.8250692302546
"128","9544","WW-LT",0.578947368421053,"south","yes","IP-Gua-1","CS76894","ESP",39.4,-5.33,694,"spain",-1.98e-05,41.5,126,206.4442379,101.555,2.447108434,0.88206686,56.625,92.75098893,3.715,37.99092603,0.045326414,0.728631051,3.375,99.32624113,29.86633333,89.97479975,NA,NA,NA,NA,NA,NA,NA,NA,NA,NA,NA,NA,NA,NA,NA,NA,14.3,11.8,3.7,670.6,33.1,1.3,31.8,6.9,23.3,23.3,6.2,499,62,6,45,170,40,40,159,0.3938,0.1211,-2.1,222.71888805,49.2926191949395,85.8379592915678,82.8250692302546
"129","9544","WW-HT",0.947368421052632,"south","yes","IP-Gua-1","CS76894","ESP",39.4,-5.33,694,"spain",-1.98e-05,41.5,126,206.4442379,101.555,2.447108434,0.88206686,56.625,92.75098893,3.715,37.99092603,0.045326414,0.728631051,3.375,99.32624113,29.86633333,89.97479975,NA,NA,NA,NA,NA,NA,NA,NA,NA,NA,NA,NA,NA,NA,NA,NA,14.3,11.8,3.7,670.6,33.1,1.3,31.8,6.9,23.3,23.3,6.2,499,62,6,45,170,40,40,159,0.3938,0.1211,-2.1,222.71888805,49.2926191949395,85.8379592915678,82.8250692302546
"130","9544","WD-HT",0.684210526315789,"south","yes","IP-Gua-1","CS76894","ESP",39.4,-5.33,694,"spain",-1.98e-05,41.5,126,206.4442379,101.555,2.447108434,0.88206686,56.625,92.75098893,3.715,37.99092603,0.045326414,0.728631051,3.375,99.32624113,29.86633333,89.97479975,NA,NA,NA,NA,NA,NA,NA,NA,NA,NA,NA,NA,NA,NA,NA,NA,14.3,11.8,3.7,670.6,33.1,1.3,31.8,6.9,23.3,23.3,6.2,499,62,6,45,170,40,40,159,0.3938,0.1211,-2.1,222.71888805,49.2926191949395,85.8379592915678,82.8250692302546
"131","9549","WW-HT",1,"south","yes","IP-Hum-2","CS76943","ESP",42.23,-3.69,903,"relict",0.000100852,67,103,128.761761,773.705,11.54783582,0.640805787,NA,NA,NA,NA,NA,NA,NA,NA,NA,NA,NA,NA,NA,NA,NA,NA,NA,NA,NA,NA,NA,NA,NA,NA,NA,NA,10.4,10,3.7,574.9,26.1,-0.7,26.8,7.1,18,18,3.3,552,60,27,22,163,97,97,143,0.5847,0.0944,NA,140.23622785,52.9633768277778,61.3807531380753,85.2624746707193
"132","9549","WW-CT",1,"south","yes","IP-Hum-2","CS76943","ESP",42.23,-3.69,903,"relict",0.000100852,67,103,128.761761,773.705,11.54783582,0.640805787,NA,NA,NA,NA,NA,NA,NA,NA,NA,NA,NA,NA,NA,NA,NA,NA,NA,NA,NA,NA,NA,NA,NA,NA,NA,NA,10.4,10,3.7,574.9,26.1,-0.7,26.8,7.1,18,18,3.3,552,60,27,22,163,97,97,143,0.5847,0.0944,NA,140.23622785,52.9633768277778,61.3807531380753,85.2624746707193
"133","9549","WD-HT",0.947368421052632,"south","yes","IP-Hum-2","CS76943","ESP",42.23,-3.69,903,"relict",0.000100852,67,103,128.761761,773.705,11.54783582,0.640805787,NA,NA,NA,NA,NA,NA,NA,NA,NA,NA,NA,NA,NA,NA,NA,NA,NA,NA,NA,NA,NA,NA,NA,NA,NA,NA,10.4,10,3.7,574.9,26.1,-0.7,26.8,7.1,18,18,3.3,552,60,27,22,163,97,97,143,0.5847,0.0944,NA,140.23622785,52.9633768277778,61.3807531380753,85.2624746707193
"134","9549","WW-LT",0.65,"south","yes","IP-Hum-2","CS76943","ESP",42.23,-3.69,903,"relict",0.000100852,67,103,128.761761,773.705,11.54783582,0.640805787,NA,NA,NA,NA,NA,NA,NA,NA,NA,NA,NA,NA,NA,NA,NA,NA,NA,NA,NA,NA,NA,NA,NA,NA,NA,NA,10.4,10,3.7,574.9,26.1,-0.7,26.8,7.1,18,18,3.3,552,60,27,22,163,97,97,143,0.5847,0.0944,NA,140.23622785,52.9633768277778,61.3807531380753,85.2624746707193
"135","9549","WD-LT",0.8,"south","yes","IP-Hum-2","CS76943","ESP",42.23,-3.69,903,"relict",0.000100852,67,103,128.761761,773.705,11.54783582,0.640805787,NA,NA,NA,NA,NA,NA,NA,NA,NA,NA,NA,NA,NA,NA,NA,NA,NA,NA,NA,NA,NA,NA,NA,NA,NA,NA,10.4,10,3.7,574.9,26.1,-0.7,26.8,7.1,18,18,3.3,552,60,27,22,163,97,97,143,0.5847,0.0944,NA,140.23622785,52.9633768277778,61.3807531380753,85.2624746707193
"136","9600","WW-LT",0.65,"south","yes","IP-Vis-0","CS78848","ESP",39.85,-6.04,338,"relict",-6.79e-05,46,155.5,141.3407107,191.45,4.161956522,0.806736134,NA,NA,NA,NA,NA,NA,NA,NA,NA,NA,NA,NA,NA,NA,NA,NA,NA,NA,NA,NA,NA,NA,NA,NA,NA,NA,15.8,11,3.6,643,33.4,3.6,29.8,8.8,24.4,24.4,8,462,57,5,46,168,35,35,155,0.3682,0.1214,NA,167.96008205,40.1051544129839,93.599672011662,92.9159539431693
"137","9600","WW-HT",0.95,"south","yes","IP-Vis-0","CS78848","ESP",39.85,-6.04,338,"relict",-6.79e-05,46,155.5,141.3407107,191.45,4.161956522,0.806736134,NA,NA,NA,NA,NA,NA,NA,NA,NA,NA,NA,NA,NA,NA,NA,NA,NA,NA,NA,NA,NA,NA,NA,NA,NA,NA,15.8,11,3.6,643,33.4,3.6,29.8,8.8,24.4,24.4,8,462,57,5,46,168,35,35,155,0.3682,0.1214,NA,167.96008205,40.1051544129839,93.599672011662,92.9159539431693
"138","9600","WD-LT",0.526315789473684,"south","yes","IP-Vis-0","CS78848","ESP",39.85,-6.04,338,"relict",-6.79e-05,46,155.5,141.3407107,191.45,4.161956522,0.806736134,NA,NA,NA,NA,NA,NA,NA,NA,NA,NA,NA,NA,NA,NA,NA,NA,NA,NA,NA,NA,NA,NA,NA,NA,NA,NA,15.8,11,3.6,643,33.4,3.6,29.8,8.8,24.4,24.4,8,462,57,5,46,168,35,35,155,0.3682,0.1214,NA,167.96008205,40.1051544129839,93.599672011662,92.9159539431693
"139","9600","WD-HT",0.947368421052632,"south","yes","IP-Vis-0","CS78848","ESP",39.85,-6.04,338,"relict",-6.79e-05,46,155.5,141.3407107,191.45,4.161956522,0.806736134,NA,NA,NA,NA,NA,NA,NA,NA,NA,NA,NA,NA,NA,NA,NA,NA,NA,NA,NA,NA,NA,NA,NA,NA,NA,NA,15.8,11,3.6,643,33.4,3.6,29.8,8.8,24.4,24.4,8,462,57,5,46,168,35,35,155,0.3682,0.1214,NA,167.96008205,40.1051544129839,93.599672011662,92.9159539431693
"140","9600","WW-CT",1,"south","yes","IP-Vis-0","CS78848","ESP",39.85,-6.04,338,"relict",-6.79e-05,46,155.5,141.3407107,191.45,4.161956522,0.806736134,NA,NA,NA,NA,NA,NA,NA,NA,NA,NA,NA,NA,NA,NA,NA,NA,NA,NA,NA,NA,NA,NA,NA,NA,NA,NA,15.8,11,3.6,643,33.4,3.6,29.8,8.8,24.4,24.4,8,462,57,5,46,168,35,35,155,0.3682,0.1214,NA,167.96008205,40.1051544129839,93.599672011662,92.9159539431693
"141","9943","WW-LT",0.7,"south","yes","Cdm-0","CS76410","ESP",39.73,-5.74,444,"spain",NA,43.5,129.5,195.8553395,67.065,1.541724138,0.931367031,62,173.832172,2.325,27.57902773,0.053257473,0.736631996,3.5,79.9462287,33.10866667,83.77676829,NA,NA,NA,NA,NA,NA,NA,NA,NA,NA,NA,NA,NA,NA,NA,NA,15.3,11.4,3.7,652.6,33.4,2.8,30.6,8.2,24.1,24.1,7.4,448,54,5,45,157,35,35,145,0.4057,0.1178,-1.97,252.2310325,52.9946422407436,89.3749531760484,87.8772893266199
"142","9943","WW-CT",1,"south","yes","Cdm-0","CS76410","ESP",39.73,-5.74,444,"spain",NA,43.5,129.5,195.8553395,67.065,1.541724138,0.931367031,62,173.832172,2.325,27.57902773,0.053257473,0.736631996,3.5,79.9462287,33.10866667,83.77676829,NA,NA,NA,NA,NA,NA,NA,NA,NA,NA,NA,NA,NA,NA,NA,NA,15.3,11.4,3.7,652.6,33.4,2.8,30.6,8.2,24.1,24.1,7.4,448,54,5,45,157,35,35,145,0.4057,0.1178,-1.97,252.2310325,52.9946422407436,89.3749531760484,87.8772893266199
"143","9943","WD-LT",0.35,"south","yes","Cdm-0","CS76410","ESP",39.73,-5.74,444,"spain",NA,43.5,129.5,195.8553395,67.065,1.541724138,0.931367031,62,173.832172,2.325,27.57902773,0.053257473,0.736631996,3.5,79.9462287,33.10866667,83.77676829,NA,NA,NA,NA,NA,NA,NA,NA,NA,NA,NA,NA,NA,NA,NA,NA,15.3,11.4,3.7,652.6,33.4,2.8,30.6,8.2,24.1,24.1,7.4,448,54,5,45,157,35,35,145,0.4057,0.1178,-1.97,252.2310325,52.9946422407436,89.3749531760484,87.8772893266199
"144","9943","WD-HT",0.7,"south","yes","Cdm-0","CS76410","ESP",39.73,-5.74,444,"spain",NA,43.5,129.5,195.8553395,67.065,1.541724138,0.931367031,62,173.832172,2.325,27.57902773,0.053257473,0.736631996,3.5,79.9462287,33.10866667,83.77676829,NA,NA,NA,NA,NA,NA,NA,NA,NA,NA,NA,NA,NA,NA,NA,NA,15.3,11.4,3.7,652.6,33.4,2.8,30.6,8.2,24.1,24.1,7.4,448,54,5,45,157,35,35,145,0.4057,0.1178,-1.97,252.2310325,52.9946422407436,89.3749531760484,87.8772893266199
"145","9943","WW-HT",1,"south","yes","Cdm-0","CS76410","ESP",39.73,-5.74,444,"spain",NA,43.5,129.5,195.8553395,67.065,1.541724138,0.931367031,62,173.832172,2.325,27.57902773,0.053257473,0.736631996,3.5,79.9462287,33.10866667,83.77676829,NA,NA,NA,NA,NA,NA,NA,NA,NA,NA,NA,NA,NA,NA,NA,NA,15.3,11.4,3.7,652.6,33.4,2.8,30.6,8.2,24.1,24.1,7.4,448,54,5,45,157,35,35,145,0.4057,0.1178,-1.97,252.2310325,52.9946422407436,89.3749531760484,87.8772893266199
"146","9947","WW-HT",1,"south","yes","Ped-0","CS76415","ESP",40.74,-3.9,1007,"relict",NA,90,70,72.29768578,559.77,6.219666667,0.679261449,104.875,207.4466564,3.493333333,17.90349652,0.078568141,0.726976575,35.875,NA,NA,33.688152,NA,NA,NA,NA,NA,NA,NA,NA,NA,NA,NA,NA,NA,NA,NA,NA,11.5,10.2,3.5,644.2,28.1,-0.5,28.6,7.4,20,20.1,3.7,482,55,15,30,153,67,72,127,0.5045,0.0987,-2.18,154.62464762,54.5703640674908,65.3160339256866,93.1257990031646
"147","9947","WW-CT",1,"south","yes","Ped-0","CS76415","ESP",40.74,-3.9,1007,"relict",NA,90,70,72.29768578,559.77,6.219666667,0.679261449,104.875,207.4466564,3.493333333,17.90349652,0.078568141,0.726976575,35.875,NA,NA,33.688152,NA,NA,NA,NA,NA,NA,NA,NA,NA,NA,NA,NA,NA,NA,NA,NA,11.5,10.2,3.5,644.2,28.1,-0.5,28.6,7.4,20,20.1,3.7,482,55,15,30,153,67,72,127,0.5045,0.0987,-2.18,154.62464762,54.5703640674908,65.3160339256866,93.1257990031646
"148","9947","WD-LT",0.55,"south","yes","Ped-0","CS76415","ESP",40.74,-3.9,1007,"relict",NA,90,70,72.29768578,559.77,6.219666667,0.679261449,104.875,207.4466564,3.493333333,17.90349652,0.078568141,0.726976575,35.875,NA,NA,33.688152,NA,NA,NA,NA,NA,NA,NA,NA,NA,NA,NA,NA,NA,NA,NA,NA,11.5,10.2,3.5,644.2,28.1,-0.5,28.6,7.4,20,20.1,3.7,482,55,15,30,153,67,72,127,0.5045,0.0987,-2.18,154.62464762,54.5703640674908,65.3160339256866,93.1257990031646
"149","9947","WD-HT",1,"south","yes","Ped-0","CS76415","ESP",40.74,-3.9,1007,"relict",NA,90,70,72.29768578,559.77,6.219666667,0.679261449,104.875,207.4466564,3.493333333,17.90349652,0.078568141,0.726976575,35.875,NA,NA,33.688152,NA,NA,NA,NA,NA,NA,NA,NA,NA,NA,NA,NA,NA,NA,NA,NA,11.5,10.2,3.5,644.2,28.1,-0.5,28.6,7.4,20,20.1,3.7,482,55,15,30,153,67,72,127,0.5045,0.0987,-2.18,154.62464762,54.5703640674908,65.3160339256866,93.1257990031646
"150","9947","WW-LT",0.85,"south","yes","Ped-0","CS76415","ESP",40.74,-3.9,1007,"relict",NA,90,70,72.29768578,559.77,6.219666667,0.679261449,104.875,207.4466564,3.493333333,17.90349652,0.078568141,0.726976575,35.875,NA,NA,33.688152,NA,NA,NA,NA,NA,NA,NA,NA,NA,NA,NA,NA,NA,NA,NA,NA,11.5,10.2,3.5,644.2,28.1,-0.5,28.6,7.4,20,20.1,3.7,482,55,15,30,153,67,72,127,0.5045,0.0987,-2.18,154.62464762,54.5703640674908,65.3160339256866,93.1257990031646
